{
    "version": "0.4",
    "title": "404 Error",
    "type": "section",
    "metadata": {
        "template_type": "single-404",
        "include_in_zip": "1",
        "elementor_pro_required": null,
        "wp_page_template": "elementor_header_footer"
    },
    "content": [
        {
            "id": "50839072",
            "settings": {
                "background_background": "classic",
                "background_image": {
                    "id": 1712,
                    "url": "http:\/\/nexmax.pandastock.net\/wp-content\/uploads\/2021\/10\/videogame-streamer-losing-videogame-competition.jpg",
                    "alt": "Videogame streamer losing videogame competition",
                    "source": "library"
                },
                "background_position": "center center",
                "background_repeat": "no-repeat",
                "background_size": "cover",
                "background_overlay_background": "classic",
                "background_overlay_color": "#12151E",
                "background_overlay_opacity": {
                    "unit": "px",
                    "size": 1,
                    "sizes": []
                },
                "overlay_blend_mode": "color",
                "padding": {
                    "unit": "em",
                    "top": "",
                    "right": "",
                    "bottom": "",
                    "left": "",
                    "isLinked": true
                },
                "padding_tablet": {
                    "unit": "em",
                    "top": "",
                    "right": "",
                    "bottom": "",
                    "left": "",
                    "isLinked": true
                },
                "content_width": {
                    "unit": "px",
                    "size": 700,
                    "sizes": []
                },
                "background_position_tablet": "center center",
                "gap": "wide",
                "height": "min-height",
                "custom_height": {
                    "unit": "px",
                    "size": 800,
                    "sizes": []
                },
                "custom_height_tablet": {
                    "unit": "px",
                    "size": 500,
                    "sizes": []
                },
                "custom_height_mobile": {
                    "unit": "px",
                    "size": 400,
                    "sizes": []
                },
                "content_position": "middle",
                "background_repeat_tablet": "no-repeat",
                "background_size_tablet": "cover"
            },
            "elements": [
                {
                    "id": "783e2270",
                    "settings": {
                        "_column_size": 100,
                        "_inline_size": null
                    },
                    "elements": [
                        {
                            "id": "654fd758",
                            "settings": {
                                "title": "404",
                                "header_size": "h1",
                                "align": "center",
                                "__globals__": {
                                    "typography_typography": ""
                                },
                                "ha_advanced_tooltip_content": "I am a tooltip"
                            },
                            "elements": [],
                            "isInner": false,
                            "widgetType": "heading",
                            "elType": "widget"
                        },
                        {
                            "id": "357dfdf9",
                            "settings": {
                                "title": "Oops! That page can't be found, RUN ALONG NOW, NOTHING TO SEE HERE",
                                "header_size": "h4",
                                "align": "center",
                                "ha_advanced_tooltip_content": "I am a tooltip"
                            },
                            "elements": [],
                            "isInner": false,
                            "widgetType": "heading",
                            "elType": "widget"
                        },
                        {
                            "id": "462d3641",
                            "settings": {
                                "text": "BACK HOMEPAGE",
                                "align": "center",
                                "selected_icon": {
                                    "value": "hm hm-arrow-left",
                                    "library": "happy-icons"
                                },
                                "icon_indent": {
                                    "unit": "px",
                                    "size": 15,
                                    "sizes": []
                                },
                                "ha_advanced_tooltip_content": "I am a tooltip"
                            },
                            "elements": [],
                            "isInner": false,
                            "widgetType": "button",
                            "elType": "widget"
                        }
                    ],
                    "isInner": false,
                    "elType": "column"
                }
            ],
            "isInner": false,
            "elType": "section"
        }
    ],
    "page_settings": {
        "hide_title": "yes",
        "ha_grid_number": "",
        "ha_grid_zindex": "1000",
        "template": "elementor_header_footer"
    }
}