{
    "version": "0.4",
    "title": "About Us",
    "type": "page",
    "metadata": {
        "template_type": "single-page",
        "include_in_zip": "1",
        "elementor_pro_required": null,
        "wp_page_template": "elementor_header_footer"
    },
    "content": [
        {
            "id": "6fe4a0a0",
            "settings": {
                "background_background": "classic",
                "background_image": {
                    "id": 1322,
                    "url": "http:\/\/nexmax.pandastock.net\/wp-content\/uploads\/2021\/10\/team-of-four-professional-cybersport-gamers-wearing-headphones.jpg",
                    "alt": "Team of four professional cybersport gamers wearing headphones",
                    "source": "library"
                },
                "background_position": "center center",
                "background_repeat": "no-repeat",
                "background_size": "cover",
                "background_overlay_background": "classic",
                "background_overlay_color": "#020009",
                "background_overlay_opacity": {
                    "unit": "px",
                    "size": 0.84999999999999997779553950749686919152736663818359375,
                    "sizes": []
                },
                "padding": {
                    "unit": "em",
                    "top": "",
                    "right": "",
                    "bottom": "",
                    "left": "",
                    "isLinked": true
                },
                "padding_tablet": {
                    "unit": "em",
                    "top": "",
                    "right": "",
                    "bottom": "",
                    "left": "",
                    "isLinked": true
                },
                "content_width": {
                    "unit": "px",
                    "size": 1000,
                    "sizes": []
                },
                "background_position_tablet": "center center",
                "gap": "wide",
                "height": "min-height",
                "custom_height": {
                    "unit": "vh",
                    "size": 50,
                    "sizes": []
                },
                "custom_height_tablet": {
                    "unit": "vh",
                    "size": "",
                    "sizes": []
                },
                "custom_height_mobile": {
                    "unit": "vh",
                    "size": 40,
                    "sizes": []
                },
                "content_position": "middle",
                "background_repeat_tablet": "no-repeat",
                "background_size_tablet": "cover"
            },
            "elements": [
                {
                    "id": "693fe78a",
                    "settings": {
                        "_column_size": 100,
                        "_inline_size": null
                    },
                    "elements": [
                        {
                            "id": "397c67df",
                            "settings": {
                                "title": "Nexmax - About Us",
                                "header_size": "h1",
                                "align": "center",
                                "__globals__": {
                                    "typography_typography": ""
                                },
                                "ha_advanced_tooltip_content": "I am a tooltip",
                                "title_color": "#FFFFFF"
                            },
                            "elements": [],
                            "isInner": false,
                            "widgetType": "heading",
                            "elType": "widget"
                        }
                    ],
                    "isInner": false,
                    "elType": "column"
                }
            ],
            "isInner": false,
            "elType": "section"
        },
        {
            "id": "22682e53",
            "settings": {
                "content_width": {
                    "unit": "px",
                    "size": 1000,
                    "sizes": []
                },
                "gap": "wide",
                "padding": {
                    "unit": "em",
                    "top": "3",
                    "right": "0",
                    "bottom": "3",
                    "left": "0",
                    "isLinked": false
                }
            },
            "elements": [
                {
                    "id": "40ef3732",
                    "settings": {
                        "_column_size": 100,
                        "_inline_size": null
                    },
                    "elements": [
                        {
                            "id": "1d9a401d",
                            "settings": {
                                "image": {
                                    "url": "http:\/\/nexmax.pandastock.net\/wp-content\/uploads\/2021\/10\/logo-9.png",
                                    "id": 87,
                                    "alt": "",
                                    "source": "library"
                                },
                                "image_size": "full",
                                "width": {
                                    "unit": "%",
                                    "size": 15,
                                    "sizes": []
                                },
                                "ha_advanced_tooltip_content": "I am a tooltip"
                            },
                            "elements": [],
                            "isInner": false,
                            "widgetType": "image",
                            "elType": "widget"
                        },
                        {
                            "id": "7c0893d",
                            "settings": {
                                "title": "PRO LEAGUE ESPORTS TEAM",
                                "align": "center",
                                "ha_advanced_tooltip_content": "I am a tooltip"
                            },
                            "elements": [],
                            "isInner": false,
                            "widgetType": "heading",
                            "elType": "widget"
                        },
                        {
                            "id": "2b2dd3e7",
                            "settings": {
                                "editor": "<p>Descriptive paragraph that tells clients lorem ipsum dolor mediocritatem maiestatis tempor appareat epicurei voluptatibus usuanomittam how good you are and proves paragraph is also for those who are looking out for a reliable service.<\/p><p>Mauris vitae quam ligula. In tincidunt sapien sed nibh scelerisque congue. Maecenas ut libero eu metus tincidunt lobortis. Duis accumsan at mauris vel lacinia. Mauris vitae quam ligula. In tincidunt sapien sed nibh scelerisque congue. Maecenas ut libero eu metus tincidunt lobortis. Maecenas ut libero eu metus tincidunt lobortis.<\/p>",
                                "align": "center",
                                "text_color": "#FFFFFF",
                                "ha_advanced_tooltip_content": "I am a tooltip"
                            },
                            "elements": [],
                            "isInner": false,
                            "widgetType": "text-editor",
                            "elType": "widget"
                        },
                        {
                            "id": "7482ce96",
                            "settings": {
                                "text": "cHECK eVENT",
                                "align": "center",
                                "ha_advanced_tooltip_content": "I am a tooltip"
                            },
                            "elements": [],
                            "isInner": false,
                            "widgetType": "button",
                            "elType": "widget"
                        }
                    ],
                    "isInner": false,
                    "elType": "column"
                }
            ],
            "isInner": false,
            "elType": "section"
        },
        {
            "id": "7a509922",
            "settings": {
                "gap": "wide",
                "padding": {
                    "unit": "em",
                    "top": "3",
                    "right": "0",
                    "bottom": "3",
                    "left": "0",
                    "isLinked": false
                }
            },
            "elements": [
                {
                    "id": "5dac1c08",
                    "settings": {
                        "_column_size": 100,
                        "_inline_size": null
                    },
                    "elements": [
                        {
                            "id": "1dba4096",
                            "settings": {
                                "title": "GALLERY ESPORT",
                                "align": "center",
                                "ha_advanced_tooltip_content": "I am a tooltip"
                            },
                            "elements": [],
                            "isInner": false,
                            "widgetType": "heading",
                            "elType": "widget"
                        },
                        {
                            "id": "3d2a771e",
                            "settings": {
                                "gallery": [
                                    {
                                        "filter": "GALLERY",
                                        "_id": "c7d4d33",
                                        "images": [
                                            {
                                                "id": 1322,
                                                "url": "http:\/\/nexmax.pandastock.net\/wp-content\/uploads\/2021\/10\/team-of-four-professional-cybersport-gamers-wearing-headphones.jpg"
                                            },
                                            {
                                                "id": 1321,
                                                "url": "http:\/\/nexmax.pandastock.net\/wp-content\/uploads\/2021\/10\/two-young-happy-professional-cyber-sport-gamers-giving-fist-bump.jpg"
                                            },
                                            {
                                                "id": 1320,
                                                "url": "http:\/\/nexmax.pandastock.net\/wp-content\/uploads\/2021\/10\/happy-multiracial-cybersport-team-smiling-at-camera-after-esport-tournament.jpg"
                                            },
                                            {
                                                "id": 1327,
                                                "url": "http:\/\/nexmax.pandastock.net\/wp-content\/uploads\/2021\/10\/rear-view-of-a-focused-african-guy-professional-gamer-wearing-headphones.jpg"
                                            },
                                            {
                                                "id": 1316,
                                                "url": "http:\/\/nexmax.pandastock.net\/wp-content\/uploads\/2021\/10\/team-of-five-successful-young-e-sports-clubbers-making-pile-of-hands.jpg"
                                            },
                                            {
                                                "id": 1315,
                                                "url": "http:\/\/nexmax.pandastock.net\/wp-content\/uploads\/2021\/10\/esports-player-concentrated-on-game.jpg"
                                            }
                                        ]
                                    }
                                ],
                                "thumbnail_size": "full",
                                "all_filter_label": "All",
                                "columns": "3",
                                "popup_image_size": "full",
                                "ha_advanced_tooltip_content": "I am a tooltip"
                            },
                            "elements": [],
                            "isInner": false,
                            "widgetType": "ha-image-grid",
                            "elType": "widget"
                        }
                    ],
                    "isInner": false,
                    "elType": "column"
                }
            ],
            "isInner": false,
            "elType": "section"
        },
        {
            "id": "298eab67",
            "settings": {
                "gap": "wide",
                "padding": {
                    "unit": "em",
                    "top": "4",
                    "right": "0",
                    "bottom": "4",
                    "left": "0",
                    "isLinked": false
                },
                "background_background": "classic",
                "background_color": "#020009"
            },
            "elements": [
                {
                    "id": "72544332",
                    "settings": {
                        "_column_size": 100,
                        "_inline_size": null
                    },
                    "elements": [
                        {
                            "id": "615f6d9c",
                            "settings": {
                                "title": "Our Award",
                                "align": "center",
                                "ha_advanced_tooltip_content": "I am a tooltip"
                            },
                            "elements": [],
                            "isInner": false,
                            "widgetType": "heading",
                            "elType": "widget"
                        },
                        {
                            "id": "239fc66",
                            "settings": {
                                "timeline": [
                                    {
                                        "event_date": "JAN 2016",
                                        "event_title": "AWARD NOS TERNATE",
                                        "_id": "635cd69",
                                        "event_icon": {
                                            "value": "far fa-calendar-alt",
                                            "library": "fa-regular"
                                        },
                                        "image": {
                                            "url": "http:\/\/nexmax.pandastock.net\/wp-content\/uploads\/2021\/10\/Trophy2-e1632630556477.png",
                                            "id": 1549,
                                            "alt": "",
                                            "source": "library"
                                        },
                                        "thumbnail_size": "full",
                                        "event_description": ""
                                    },
                                    {
                                        "event_date": "JAN 2018",
                                        "event_title": "AWARD UI WEBSITE",
                                        "event_icon": {
                                            "value": "jki jki-calendar-light",
                                            "library": "jkiticon"
                                        },
                                        "image": {
                                            "url": "http:\/\/nexmax.pandastock.net\/wp-content\/uploads\/2021\/10\/Trophy-e1632630507439.png",
                                            "id": 1548,
                                            "alt": "",
                                            "source": "library"
                                        },
                                        "thumbnail_size": "full",
                                        "event_description": "",
                                        "_id": "b612a90"
                                    },
                                    {
                                        "event_date": "JAN 2019",
                                        "event_title": "AWARD ESPORT COMPANY",
                                        "event_icon": {
                                            "value": "jki jki-calendar-light",
                                            "library": "jkiticon"
                                        },
                                        "image": {
                                            "url": "http:\/\/nexmax.pandastock.net\/wp-content\/uploads\/2021\/10\/Trophy3-e1632630534294.png",
                                            "id": 1547,
                                            "alt": "",
                                            "source": "library"
                                        },
                                        "thumbnail_size": "full",
                                        "event_description": "",
                                        "_id": "f0e30aa"
                                    },
                                    {
                                        "event_date": "JAN 2021",
                                        "event_title": "AWARD BEST TEAM ESPORT",
                                        "event_icon": {
                                            "value": "jki jki-calendar-light",
                                            "library": "jkiticon"
                                        },
                                        "image": {
                                            "url": "http:\/\/nexmax.pandastock.net\/wp-content\/uploads\/2021\/10\/Trophy-e1632630507439.png",
                                            "id": 1548,
                                            "alt": "",
                                            "source": "library"
                                        },
                                        "thumbnail_size": "full",
                                        "event_description": "",
                                        "_id": "cb7e297"
                                    }
                                ],
                                "content_alignment": "center",
                                "line_spacing": {
                                    "unit": "px",
                                    "size": 1,
                                    "sizes": []
                                },
                                "line_color": "#FFFFFF1F",
                                "icon_border_radius": {
                                    "unit": "px",
                                    "top": "3",
                                    "right": "3",
                                    "bottom": "3",
                                    "left": "3",
                                    "isLinked": true
                                },
                                "event_icon_background_color": "#12151E",
                                "event_icon_color": "#F3DE2C",
                                "content_box_shadow_box_shadow_type": "yes",
                                "content_box_shadow_box_shadow": {
                                    "horizontal": 0,
                                    "vertical": 0,
                                    "blur": 10,
                                    "spread": 0,
                                    "color": "rgba(0, 0, 0, 0)"
                                },
                                "content_background_color": "#02010100",
                                "title_color": "#FFFFFF",
                                "ha_advanced_tooltip_content": "I am a tooltip",
                                "content_arrow": "yes",
                                "loop": "",
                                "icon_background_size": {
                                    "unit": "px",
                                    "size": 30,
                                    "sizes": []
                                },
                                "arrow_vertical_alignment": {
                                    "unit": "%",
                                    "size": 50,
                                    "sizes": []
                                },
                                "arrow_vertical_alignment_tablet": {
                                    "unit": "%",
                                    "size": "",
                                    "sizes": []
                                },
                                "arrow_horizontal_align": {
                                    "unit": "px",
                                    "size": -50,
                                    "sizes": []
                                },
                                "arrow_horizontal_align_tablet": {
                                    "unit": "%",
                                    "size": -1,
                                    "sizes": []
                                },
                                "arrow_size_tablet": {
                                    "unit": "px",
                                    "size": 13,
                                    "sizes": []
                                },
                                "arrow_size_mobile": {
                                    "unit": "px",
                                    "size": 10,
                                    "sizes": []
                                },
                                "arrow_border_border": "solid",
                                "arrow_border_width": {
                                    "unit": "px",
                                    "top": "0",
                                    "right": "0",
                                    "bottom": "0",
                                    "left": "0",
                                    "isLinked": true
                                },
                                "arrow_border_radius": {
                                    "unit": "px",
                                    "top": "3",
                                    "right": "3",
                                    "bottom": "3",
                                    "left": "3",
                                    "isLinked": true
                                },
                                "arrow_color": "#000000",
                                "arrow_bg_color": "#F3DE2C",
                                "content_padding": {
                                    "unit": "px",
                                    "size": 0,
                                    "sizes": []
                                },
                                "__globals__": {
                                    "title_typography_typography": "globals\/typography?id=b9d67bc"
                                }
                            },
                            "elements": [],
                            "isInner": false,
                            "widgetType": "ha-horizontal-timeline",
                            "elType": "widget"
                        }
                    ],
                    "isInner": false,
                    "elType": "column"
                }
            ],
            "isInner": false,
            "elType": "section"
        },
        {
            "id": "734dafc3",
            "settings": {
                "background_background": "classic",
                "padding": {
                    "unit": "em",
                    "top": "4",
                    "right": "0",
                    "bottom": "4",
                    "left": "0",
                    "isLinked": false
                },
                "background_color_b": "",
                "background_color_b_stop": {
                    "unit": "%",
                    "size": "70",
                    "sizes": []
                },
                "background_gradient_type": "radial",
                "background_gradient_position": "bottom center",
                "background_motion_fx_mouseTrack_effect": "yes",
                "background_motion_fx_mouseTrack_direction": "negative",
                "background_motion_fx_mouseTrack_speed": {
                    "unit": "px",
                    "size": "5.9",
                    "sizes": []
                },
                "padding_tablet": {
                    "unit": "em",
                    "top": "3",
                    "right": "0",
                    "bottom": "3",
                    "left": "0",
                    "isLinked": ""
                },
                "padding_mobile": {
                    "unit": "em",
                    "top": "2",
                    "right": "0",
                    "bottom": "2",
                    "left": "0",
                    "isLinked": ""
                },
                "gap": "wide"
            },
            "elements": [
                {
                    "id": "64022f3e",
                    "settings": {
                        "_column_size": 100,
                        "_inline_size": null,
                        "background_color": "#23262D",
                        "margin": {
                            "unit": "px",
                            "top": "0",
                            "right": "0",
                            "bottom": "0",
                            "left": "0",
                            "isLinked": ""
                        },
                        "margin_mobile": {
                            "unit": "px",
                            "top": "4",
                            "right": "4",
                            "bottom": "4",
                            "left": "4",
                            "isLinked": "1"
                        }
                    },
                    "elements": [
                        {
                            "id": "60267e90",
                            "settings": {
                                "title": "Testimonials",
                                "ha_advanced_tooltip_content": "I am a tooltip",
                                "align": "center"
                            },
                            "elements": [],
                            "isInner": false,
                            "widgetType": "heading",
                            "elType": "widget"
                        },
                        {
                            "id": "2ac1abb8",
                            "settings": {
                                "sg_setting_autoplay": "yes",
                                "sg_setting_quote": "",
                                "sg_setting_quote_icon": {
                                    "value": "icon icon-quote",
                                    "library": "ekiticons"
                                },
                                "sg_setting_rating": "",
                                "sg_layout_testimonial_choose": "style-2",
                                "sg_testimonials_image_size_imagesize_size": "full",
                                "sg_testimonials_list": [
                                    {
                                        "sg_testimonials_list_client_avatar": {
                                            "url": "http:\/\/nexmax.pandastock.net\/wp-content\/uploads\/2021\/10\/teenage-boy-wearing-headset-gaming-at-home-using-dual-computer-screens.jpg",
                                            "id": 1358,
                                            "alt": "Teenage Boy Wearing Headset Gaming At Home Using Dual Computer Screens",
                                            "source": "library"
                                        },
                                        "_id": "daa948e",
                                        "sg_testimonials_list_client_name": "Alex Corl",
                                        "sg_testimonials_list_designation": "Team Alpha",
                                        "sg_testimonials_list_review": "Descriptive paragraph that tells clients lorem ipsum dolor mediocritatem maiestatis tempor appareat epicurei voluptatibus usuanomittam"
                                    },
                                    {
                                        "sg_testimonials_list_client_avatar": {
                                            "url": "http:\/\/nexmax.pandastock.net\/wp-content\/uploads\/2021\/10\/teenage-boy-wearing-headset-gaming-at-home-using-dual-computer-screens.jpg",
                                            "id": 1358,
                                            "alt": "Teenage Boy Wearing Headset Gaming At Home Using Dual Computer Screens",
                                            "source": "library"
                                        },
                                        "sg_testimonials_list_client_name": "Andreas Tom",
                                        "sg_testimonials_list_designation": "Team Fox",
                                        "sg_testimonials_list_review": "Descriptive paragraph that tells clients lorem ipsum dolor mediocritatem maiestatis tempor appareat epicurei voluptatibus usuanomittam",
                                        "_id": "0aec81a"
                                    },
                                    {
                                        "sg_testimonials_list_client_avatar": {
                                            "url": "http:\/\/nexmax.pandastock.net\/wp-content\/uploads\/2021\/10\/teenage-boy-wearing-headset-gaming-at-home-using-dual-computer-screens.jpg",
                                            "id": 1358,
                                            "alt": "Teenage Boy Wearing Headset Gaming At Home Using Dual Computer Screens",
                                            "source": "library"
                                        },
                                        "sg_testimonials_list_client_name": "Laxi Man",
                                        "sg_testimonials_list_designation": "Team Spaceman",
                                        "sg_testimonials_list_review": "Descriptive paragraph that tells clients lorem ipsum dolor mediocritatem maiestatis tempor appareat epicurei voluptatibus usuanomittam",
                                        "_id": "97098f3"
                                    },
                                    {
                                        "sg_testimonials_list_client_avatar": {
                                            "url": "http:\/\/nexmax.pandastock.net\/wp-content\/uploads\/2021\/10\/teenage-boy-wearing-headset-gaming-at-home-using-dual-computer-screens.jpg",
                                            "id": 1358,
                                            "alt": "Teenage Boy Wearing Headset Gaming At Home Using Dual Computer Screens",
                                            "source": "library"
                                        },
                                        "sg_testimonials_list_client_name": "Dirga Cruise",
                                        "sg_testimonials_list_designation": "Team Govermax",
                                        "sg_testimonials_list_review": "Descriptive paragraph that tells clients lorem ipsum dolor mediocritatem maiestatis tempor appareat epicurei voluptatibus usuanomittam",
                                        "_id": "f98a8cc"
                                    }
                                ],
                                "st_description_color_responsive": "#FFFFFF",
                                "st_client_name_normal_color_responsive": "#FFFFFF",
                                "st_client_image_margin_responsive": {
                                    "unit": "px",
                                    "top": "-10",
                                    "right": "0",
                                    "bottom": "0",
                                    "left": "0",
                                    "isLinked": false
                                },
                                "sg_setting_arrow": "",
                                "sg_setting_arrow_left": {
                                    "value": "icon icon-left-arrows",
                                    "library": "ekiticons"
                                },
                                "sg_setting_arrow_right": {
                                    "value": "icon icon-chevron-right",
                                    "library": "ekiticons"
                                },
                                "sg_setting_dots": "yes",
                                "st_arrow_normal_background_background_background": "classic",
                                "st_dots_width_responsive": {
                                    "unit": "px",
                                    "size": 8,
                                    "sizes": []
                                },
                                "st_dots_height_responsive": {
                                    "unit": "px",
                                    "size": 8,
                                    "sizes": []
                                },
                                "st_dots_border_radius_responsive": {
                                    "unit": "px",
                                    "top": "0",
                                    "right": "0",
                                    "bottom": "0",
                                    "left": "0",
                                    "isLinked": true
                                },
                                "st_dots_active_color_responsive": "#F3DE2C",
                                "st_layout_padding_responsive": {
                                    "unit": "px",
                                    "top": "30",
                                    "right": "30",
                                    "bottom": "30",
                                    "left": "30",
                                    "isLinked": true
                                },
                                "st_layout_boxshadow_box_shadow_box_shadow_type": "yes",
                                "st_layout_boxshadow_box_shadow_box_shadow": {
                                    "horizontal": 0,
                                    "vertical": 0,
                                    "blur": 10,
                                    "spread": 0,
                                    "color": "rgba(0, 0, 0, 0)"
                                },
                                "ha_advanced_tooltip_content": "I am a tooltip"
                            },
                            "elements": [],
                            "isInner": false,
                            "widgetType": "jkit_testimonials",
                            "elType": "widget"
                        }
                    ],
                    "isInner": "",
                    "elType": "column"
                }
            ],
            "isInner": "",
            "elType": "section"
        },
        {
            "id": "2ee811b3",
            "settings": {
                "content_width": {
                    "unit": "px",
                    "size": 800,
                    "sizes": []
                },
                "height": "min-height",
                "custom_height_tablet": {
                    "unit": "px",
                    "size": 400,
                    "sizes": []
                },
                "background_background": "classic",
                "background_image": {
                    "id": 1329,
                    "url": "http:\/\/nexmax.pandastock.net\/wp-content\/uploads\/2021\/10\/two-gamers-in-dark-room.jpg",
                    "alt": "Two gamers in dark room",
                    "source": "library"
                },
                "background_position": "center center",
                "background_repeat": "no-repeat",
                "background_size": "cover",
                "background_overlay_background": "classic",
                "background_overlay_color": "#020009",
                "background_overlay_opacity": {
                    "unit": "px",
                    "size": 0.84999999999999997779553950749686919152736663818359375,
                    "sizes": []
                },
                "css_filters_brightness": {
                    "unit": "px",
                    "size": 0,
                    "sizes": []
                },
                "css_filters_hue": {
                    "unit": "px",
                    "size": 100,
                    "sizes": []
                },
                "gap": "wide",
                "background_color_b": "",
                "background_gradient_angle": {
                    "unit": "deg",
                    "size": 90,
                    "sizes": []
                }
            },
            "elements": [
                {
                    "id": "2391fccf",
                    "settings": {
                        "_column_size": 100,
                        "_inline_size": null
                    },
                    "elements": [
                        {
                            "id": "e012d8a",
                            "settings": {
                                "title": "WANT TO BE A PROFESSIONAL ESPORT PLAYER?",
                                "align": "center",
                                "ha_advanced_tooltip_content": "I am a tooltip"
                            },
                            "elements": [],
                            "isInner": false,
                            "widgetType": "heading",
                            "elType": "widget"
                        },
                        {
                            "id": "30ad245",
                            "settings": {
                                "text": "Contact Us",
                                "align": "center",
                                "ha_advanced_tooltip_content": "I am a tooltip"
                            },
                            "elements": [],
                            "isInner": false,
                            "widgetType": "button",
                            "elType": "widget"
                        }
                    ],
                    "isInner": false,
                    "elType": "column"
                }
            ],
            "isInner": false,
            "elType": "section"
        }
    ],
    "page_settings": {
        "hide_title": "yes",
        "ha_grid_number": "",
        "ha_grid_zindex": "1000",
        "template": "elementor_header_footer"
    }
}