{
    "version": "0.4",
    "title": "Footer",
    "type": "section",
    "metadata": {
        "template_type": "section-footer",
        "include_in_zip": "1",
        "elementor_pro_required": null,
        "wp_page_template": "elementor_canvas"
    },
    "content": [
        {
            "id": "16edafe4",
            "settings": {
                "gap": "wide",
                "html_tag": "footer",
                "background_background": "classic",
                "background_color": "#020009",
                "padding": {
                    "unit": "em",
                    "top": "3",
                    "right": "0",
                    "bottom": "0",
                    "left": "0",
                    "isLinked": false
                }
            },
            "elements": [
                {
                    "id": "63add1bc",
                    "settings": {
                        "_column_size": 100,
                        "_inline_size": null
                    },
                    "elements": [
                        {
                            "id": "9a0cd17",
                            "settings": {
                                "gap": "extended",
                                "structure": "40",
                                "margin": {
                                    "unit": "em",
                                    "top": "",
                                    "right": 0,
                                    "bottom": "",
                                    "left": 0,
                                    "isLinked": true
                                },
                                "padding": {
                                    "unit": "em",
                                    "top": "0",
                                    "right": "0",
                                    "bottom": "2",
                                    "left": "0",
                                    "isLinked": false
                                }
                            },
                            "elements": [
                                {
                                    "id": "177d816",
                                    "settings": {
                                        "_column_size": 25,
                                        "_inline_size": 30,
                                        "_inline_size_tablet": 100,
                                        "content_position": "center",
                                        "align": "center",
                                        "margin": {
                                            "unit": "px",
                                            "top": "0",
                                            "right": "30",
                                            "bottom": "0",
                                            "left": "0",
                                            "isLinked": false
                                        },
                                        "margin_tablet": {
                                            "unit": "em",
                                            "top": "0",
                                            "right": "0",
                                            "bottom": "1",
                                            "left": "0",
                                            "isLinked": false
                                        }
                                    },
                                    "elements": [
                                        {
                                            "id": "3e253a6a",
                                            "settings": {
                                                "image": {
                                                    "url": "http:\/\/nexmax.pandastock.net\/wp-content\/uploads\/2021\/10\/PSD.png",
                                                    "id": 1833,
                                                    "alt": "",
                                                    "source": "library"
                                                },
                                                "image_size": "full",
                                                "align": "center",
                                                "align_tablet": "center",
                                                "align_mobile": "center",
                                                "width": {
                                                    "unit": "%",
                                                    "size": 50,
                                                    "sizes": []
                                                },
                                                "width_tablet": {
                                                    "unit": "%",
                                                    "size": 15,
                                                    "sizes": []
                                                },
                                                "width_mobile": {
                                                    "unit": "%",
                                                    "size": 25,
                                                    "sizes": []
                                                },
                                                "ha_advanced_tooltip_content": "I am a tooltip"
                                            },
                                            "elements": [],
                                            "isInner": false,
                                            "widgetType": "image",
                                            "elType": "widget"
                                        }
                                    ],
                                    "isInner": true,
                                    "elType": "column"
                                },
                                {
                                    "id": "22cf2a3a",
                                    "settings": {
                                        "_column_size": 25,
                                        "_inline_size": 20,
                                        "_inline_size_tablet": 30
                                    },
                                    "elements": [
                                        {
                                            "id": "47eb38eb",
                                            "settings": {
                                                "title": "quick links",
                                                "header_size": "h5",
                                                "align_mobile": "center",
                                                "ha_advanced_tooltip_content": "I am a tooltip"
                                            },
                                            "elements": [],
                                            "isInner": false,
                                            "widgetType": "heading",
                                            "elType": "widget"
                                        },
                                        {
                                            "id": "39fa4e02",
                                            "settings": {
                                                "icon_list": [
                                                    {
                                                        "text": "ABOUT US",
                                                        "selected_icon": {
                                                            "value": "",
                                                            "library": ""
                                                        },
                                                        "_id": "56ea681"
                                                    },
                                                    {
                                                        "text": "CONTACT US",
                                                        "selected_icon": {
                                                            "value": "",
                                                            "library": ""
                                                        },
                                                        "_id": "09c24e1"
                                                    },
                                                    {
                                                        "text": "FAQS",
                                                        "selected_icon": {
                                                            "value": "",
                                                            "library": ""
                                                        },
                                                        "_id": "ddce4b4"
                                                    },
                                                    {
                                                        "text": "TOURNAMENT",
                                                        "selected_icon": {
                                                            "value": "",
                                                            "library": ""
                                                        },
                                                        "_id": "81e99ea"
                                                    },
                                                    {
                                                        "text": "OUR GAME",
                                                        "selected_icon": {
                                                            "value": "",
                                                            "library": ""
                                                        },
                                                        "_id": "fe3f654"
                                                    }
                                                ],
                                                "space_between": {
                                                    "unit": "px",
                                                    "size": 10,
                                                    "sizes": []
                                                },
                                                "icon_align_mobile": "center",
                                                "icon_size": {
                                                    "unit": "px",
                                                    "size": "",
                                                    "sizes": []
                                                },
                                                "text_color": "#FFFFFF",
                                                "ha_advanced_tooltip_content": "I am a tooltip"
                                            },
                                            "elements": [],
                                            "isInner": false,
                                            "widgetType": "icon-list",
                                            "elType": "widget"
                                        }
                                    ],
                                    "isInner": true,
                                    "elType": "column"
                                },
                                {
                                    "id": "1ff783db",
                                    "settings": {
                                        "_column_size": 25,
                                        "_inline_size": 20,
                                        "_inline_size_tablet": 30
                                    },
                                    "elements": [
                                        {
                                            "id": "62e397b",
                                            "settings": {
                                                "title": "Information",
                                                "header_size": "h5",
                                                "align_mobile": "center",
                                                "ha_advanced_tooltip_content": "I am a tooltip"
                                            },
                                            "elements": [],
                                            "isInner": false,
                                            "widgetType": "heading",
                                            "elType": "widget"
                                        },
                                        {
                                            "id": "40b759ec",
                                            "settings": {
                                                "icon_list": [
                                                    {
                                                        "text": "ABOUT US",
                                                        "selected_icon": {
                                                            "value": "",
                                                            "library": ""
                                                        },
                                                        "_id": "56ea681"
                                                    },
                                                    {
                                                        "text": "CONTACT US",
                                                        "selected_icon": {
                                                            "value": "",
                                                            "library": ""
                                                        },
                                                        "_id": "09c24e1"
                                                    },
                                                    {
                                                        "text": "FAQS",
                                                        "selected_icon": {
                                                            "value": "",
                                                            "library": ""
                                                        },
                                                        "_id": "ddce4b4"
                                                    },
                                                    {
                                                        "text": "TOURNAMENT",
                                                        "selected_icon": {
                                                            "value": "",
                                                            "library": ""
                                                        },
                                                        "_id": "81e99ea"
                                                    },
                                                    {
                                                        "text": "OUR GAME",
                                                        "selected_icon": {
                                                            "value": "",
                                                            "library": ""
                                                        },
                                                        "_id": "fe3f654"
                                                    }
                                                ],
                                                "space_between": {
                                                    "unit": "px",
                                                    "size": 10,
                                                    "sizes": []
                                                },
                                                "icon_align_mobile": "center",
                                                "icon_size": {
                                                    "unit": "px",
                                                    "size": "",
                                                    "sizes": []
                                                },
                                                "text_color": "#FFFFFF",
                                                "ha_advanced_tooltip_content": "I am a tooltip"
                                            },
                                            "elements": [],
                                            "isInner": false,
                                            "widgetType": "icon-list",
                                            "elType": "widget"
                                        }
                                    ],
                                    "isInner": true,
                                    "elType": "column"
                                },
                                {
                                    "id": "5389770f",
                                    "settings": {
                                        "_column_size": 25,
                                        "_inline_size": 29.751999999999998891553332214243710041046142578125,
                                        "_inline_size_tablet": 40
                                    },
                                    "elements": [
                                        {
                                            "id": "2f6ca88e",
                                            "settings": {
                                                "title": "Newsletter",
                                                "header_size": "h5",
                                                "align_mobile": "center",
                                                "ha_advanced_tooltip_content": "I am a tooltip"
                                            },
                                            "elements": [],
                                            "isInner": false,
                                            "widgetType": "heading",
                                            "elType": "widget"
                                        },
                                        {
                                            "id": "568dc82e",
                                            "settings": {
                                                "sg_form_name_enable": "",
                                                "sg_form_name_first_icon_enable": "",
                                                "sg_form_name_last_icon_enable": "",
                                                "sg_form_email_icon_enable": "",
                                                "sg_form_button_text": "Subcribe",
                                                "sg_form_button_icon_enable": "",
                                                "sg_form_success_message": "Successfully listed this email",
                                                "st_input_border_radius_responsive": {
                                                    "unit": "px",
                                                    "top": "0",
                                                    "right": "0",
                                                    "bottom": "0",
                                                    "left": "0",
                                                    "isLinked": true
                                                },
                                                "st_input_width_responsive": {
                                                    "unit": "%",
                                                    "size": 100,
                                                    "sizes": []
                                                },
                                                "st_input_margin_bottom_responsive": {
                                                    "unit": "px",
                                                    "size": 15,
                                                    "sizes": []
                                                },
                                                "st_button_border_radius_responsive": {
                                                    "unit": "px",
                                                    "top": "0",
                                                    "right": "0",
                                                    "bottom": "0",
                                                    "left": "0",
                                                    "isLinked": true
                                                },
                                                "st_button_padding_responsive": {
                                                    "unit": "px",
                                                    "top": "15",
                                                    "right": "15",
                                                    "bottom": "15",
                                                    "left": "15",
                                                    "isLinked": false
                                                },
                                                "st_button_width_responsive": {
                                                    "unit": "%",
                                                    "size": 100,
                                                    "sizes": []
                                                },
                                                "st_button_normal_color_responsive": "#000000",
                                                "st_button_normal_background_background_background": "classic",
                                                "st_button_normal_background_background_color": "#F3DE2C",
                                                "ha_advanced_tooltip_content": "I am a tooltip",
                                                "__globals__": {
                                                    "st_button_typography_content_typography_typography": "globals\/typography?id=0db4e48"
                                                }
                                            },
                                            "elements": [],
                                            "isInner": false,
                                            "widgetType": "jkit_mailchimp",
                                            "elType": "widget"
                                        }
                                    ],
                                    "isInner": true,
                                    "elType": "column"
                                }
                            ],
                            "isInner": true,
                            "elType": "section"
                        },
                        {
                            "id": "593b1c84",
                            "settings": {
                                "text": "Divider",
                                "color": "#84848426",
                                "ha_advanced_tooltip_content": "I am a tooltip"
                            },
                            "elements": [],
                            "isInner": false,
                            "widgetType": "divider",
                            "elType": "widget"
                        },
                        {
                            "id": "7d302d93",
                            "settings": {
                                "content_position": "middle",
                                "structure": "20"
                            },
                            "elements": [
                                {
                                    "id": "4f8c40c7",
                                    "settings": {
                                        "_column_size": 50,
                                        "_inline_size": null
                                    },
                                    "elements": [
                                        {
                                            "id": "d3e8d7e",
                                            "settings": {
                                                "title": "\u00a9 2021 Nexmax. All rights reserved.",
                                                "header_size": "span",
                                                "align_mobile": "center",
                                                "title_color": "#FFFFFF",
                                                "ha_advanced_tooltip_content": "I am a tooltip",
                                                "__globals__": {
                                                    "typography_typography": "globals\/typography?id=0db4e48"
                                                }
                                            },
                                            "elements": [],
                                            "isInner": false,
                                            "widgetType": "heading",
                                            "elType": "widget"
                                        }
                                    ],
                                    "isInner": true,
                                    "elType": "column"
                                },
                                {
                                    "id": "3061230a",
                                    "settings": {
                                        "_column_size": 50,
                                        "_inline_size": null
                                    },
                                    "elements": [
                                        {
                                            "id": "3e868ca6",
                                            "settings": {
                                                "social_icon_list": [
                                                    {
                                                        "social_icon": {
                                                            "value": "fab fa-steam",
                                                            "library": "fa-brands"
                                                        },
                                                        "_id": "4b9ebe8"
                                                    },
                                                    {
                                                        "social_icon": {
                                                            "value": "jki jki-youtube-light",
                                                            "library": "jkiticon"
                                                        },
                                                        "_id": "7197b1d"
                                                    },
                                                    {
                                                        "social_icon": {
                                                            "value": "fab fa-facebook-f",
                                                            "library": "fa-brands"
                                                        },
                                                        "_id": "490cf19"
                                                    },
                                                    {
                                                        "social_icon": {
                                                            "value": "fab fa-instagram",
                                                            "library": "fa-brands"
                                                        },
                                                        "_id": "a71b4df"
                                                    }
                                                ],
                                                "icon_color": "custom",
                                                "icon_primary_color": "#FFFFFF1A",
                                                "icon_secondary_color": "#FFFFFF",
                                                "icon_padding": {
                                                    "unit": "em",
                                                    "size": 0.6999999999999999555910790149937383830547332763671875,
                                                    "sizes": []
                                                },
                                                "icon_spacing": {
                                                    "unit": "px",
                                                    "size": 10,
                                                    "sizes": []
                                                },
                                                "row_gap": {
                                                    "unit": "px",
                                                    "size": "",
                                                    "sizes": []
                                                },
                                                "hover_primary_color": "#F3DE2C",
                                                "hover_secondary_color": "#000000",
                                                "icon_size": {
                                                    "unit": "px",
                                                    "size": 16,
                                                    "sizes": []
                                                },
                                                "ha_advanced_tooltip_content": "I am a tooltip",
                                                "align": "right",
                                                "align_mobile": "center"
                                            },
                                            "elements": [],
                                            "isInner": false,
                                            "widgetType": "social-icons",
                                            "elType": "widget"
                                        }
                                    ],
                                    "isInner": true,
                                    "elType": "column"
                                }
                            ],
                            "isInner": true,
                            "elType": "section"
                        }
                    ],
                    "isInner": false,
                    "elType": "column"
                }
            ],
            "isInner": false,
            "elType": "section"
        }
    ],
    "page_settings": {
        "hide_title": "yes",
        "ha_grid_number": "",
        "ha_grid_zindex": "1000",
        "template": "elementor_canvas"
    }
}