{
    "version": "0.4",
    "title": "Global Kit Styles &#8211; Nexmax",
    "type": "section",
    "metadata": {
        "template_type": "global-styles",
        "include_in_zip": "1",
        "elementor_pro_required": null,
        "additional_template_information": [
            "These are the global theme styles configured through the Elementor Theme Styles area."
        ],
        "wp_page_template": "default"
    },
    "content": [],
    "page_settings": {
        "system_colors": [
            {
                "_id": "primary",
                "title": "Primary"
            },
            {
                "_id": "secondary",
                "title": "Secondary"
            },
            {
                "_id": "text",
                "title": "Text"
            },
            {
                "_id": "accent",
                "title": "Accent"
            }
        ],
        "custom_colors": [],
        "system_typography": [
            {
                "_id": "primary",
                "title": "Primary"
            },
            {
                "_id": "secondary",
                "title": "Secondary"
            },
            {
                "_id": "text",
                "title": "Text"
            },
            {
                "_id": "accent",
                "title": "Accent"
            }
        ],
        "custom_typography": [
            {
                "_id": "7e2aaa0",
                "title": "Custom 1",
                "typography_typography": "custom",
                "typography_font_size": {
                    "unit": "px",
                    "size": 40,
                    "sizes": []
                },
                "typography_font_size_tablet": {
                    "unit": "px",
                    "size": 35,
                    "sizes": []
                },
                "typography_font_weight": "400",
                "typography_line_height": {
                    "unit": "em",
                    "size": 1.100000000000000088817841970012523233890533447265625,
                    "sizes": []
                },
                "typography_font_size_mobile": {
                    "unit": "px",
                    "size": 30,
                    "sizes": []
                },
                "typography_font_family": "Anton"
            },
            {
                "_id": "b9d67bc",
                "title": "Custom 2",
                "typography_typography": "custom",
                "typography_font_family": "Anton",
                "typography_font_size": {
                    "unit": "px",
                    "size": 20,
                    "sizes": []
                },
                "typography_font_weight": "400",
                "typography_text_transform": "uppercase",
                "typography_font_size_tablet": {
                    "unit": "px",
                    "size": 17,
                    "sizes": []
                },
                "typography_line_height_mobile": {
                    "unit": "em",
                    "size": 1.3000000000000000444089209850062616169452667236328125,
                    "sizes": []
                }
            },
            {
                "_id": "0db4e48",
                "title": "Custom 3",
                "typography_typography": "custom",
                "typography_font_size": {
                    "unit": "px",
                    "size": 13,
                    "sizes": []
                },
                "typography_font_weight": "500",
                "typography_text_transform": "uppercase",
                "typography_font_size_tablet": {
                    "unit": "px",
                    "size": 11,
                    "sizes": []
                },
                "typography_line_height": {
                    "unit": "em",
                    "size": 1,
                    "sizes": []
                }
            },
            {
                "_id": "3d5f47a",
                "title": "Custom 4",
                "typography_typography": "custom",
                "typography_font_family": "Anton",
                "typography_font_size": {
                    "unit": "px",
                    "size": 80,
                    "sizes": []
                },
                "typography_font_weight": "400",
                "typography_line_height": {
                    "unit": "em",
                    "size": 1,
                    "sizes": []
                },
                "typography_font_size_mobile": {
                    "unit": "px",
                    "size": 40,
                    "sizes": []
                },
                "typography_font_size_tablet": {
                    "unit": "px",
                    "size": 55,
                    "sizes": []
                }
            }
        ],
        "default_generic_fonts": "Sans-serif",
        "button_typography_typography": "custom",
        "button_typography_font_weight": "400",
        "button_typography_text_transform": "uppercase",
        "button_text_color": "#000000",
        "button_background_color": "#F3DE2C",
        "button_border_radius": {
            "unit": "px",
            "top": "0",
            "right": "0",
            "bottom": "0",
            "left": "0",
            "isLinked": true
        },
        "button_hover_text_color": "#FFFFFF",
        "button_hover_background_color": "#020009",
        "button_padding": {
            "unit": "px",
            "top": "17",
            "right": "40",
            "bottom": "15",
            "left": "40",
            "isLinked": false
        },
        "container_width": {
            "unit": "px",
            "size": 1200,
            "sizes": []
        },
        "page_title_selector": "h1.entry-title",
        "viewport_md": 768,
        "viewport_lg": 1025,
        "button_padding_mobile": {
            "unit": "px",
            "top": "17",
            "right": "25",
            "bottom": "14",
            "left": "25",
            "isLinked": false
        },
        "h2_typography_typography": "custom",
        "h2_typography_font_family": "Anton",
        "h2_typography_font_size": {
            "unit": "px",
            "size": 40,
            "sizes": []
        },
        "h2_typography_font_weight": "400",
        "h2_typography_text_transform": "uppercase",
        "h3_typography_typography": "custom",
        "h3_typography_font_family": "Anton",
        "h3_typography_font_size": {
            "unit": "px",
            "size": 35,
            "sizes": []
        },
        "h3_typography_font_weight": "400",
        "h4_typography_typography": "custom",
        "h4_typography_font_family": "Anton",
        "h4_typography_font_size": {
            "unit": "px",
            "size": 30,
            "sizes": []
        },
        "h4_typography_font_weight": "400",
        "h5_typography_typography": "custom",
        "h5_typography_font_family": "Anton",
        "h5_typography_font_size": {
            "unit": "px",
            "size": 20,
            "sizes": []
        },
        "h5_typography_font_weight": "400",
        "h6_typography_typography": "custom",
        "h6_typography_font_family": "Rajdhani",
        "h6_typography_font_size": {
            "unit": "px",
            "size": 16,
            "sizes": []
        },
        "h6_typography_font_weight": "700",
        "h1_typography_typography": "custom",
        "h1_typography_font_family": "Anton",
        "h1_typography_font_size": {
            "unit": "px",
            "size": 60,
            "sizes": []
        },
        "h1_typography_font_weight": "400",
        "h1_typography_text_transform": "uppercase",
        "h3_typography_text_transform": "uppercase",
        "h4_typography_text_transform": "uppercase",
        "h5_typography_text_transform": "uppercase",
        "h6_typography_text_transform": "uppercase",
        "body_typography_typography": "custom",
        "body_typography_font_family": "Barlow",
        "body_typography_font_size": {
            "unit": "px",
            "size": 15,
            "sizes": []
        },
        "body_typography_font_weight": "400",
        "button_typography_font_family": "Anton",
        "button_typography_font_size": {
            "unit": "px",
            "size": 15,
            "sizes": []
        },
        "h1_typography_line_height": {
            "unit": "em",
            "size": 1.1999999999999999555910790149937383830547332763671875,
            "sizes": []
        },
        "activeItemIndex": 1,
        "h1_typography_font_size_tablet": {
            "unit": "px",
            "size": 40,
            "sizes": []
        },
        "h1_typography_font_size_mobile": {
            "unit": "px",
            "size": 35,
            "sizes": []
        },
        "h2_typography_font_size_tablet": {
            "unit": "px",
            "size": 35,
            "sizes": []
        },
        "h2_typography_font_size_mobile": {
            "unit": "px",
            "size": 27,
            "sizes": []
        },
        "h1_color": "#FFFFFF",
        "h2_color": "#FFFFFF",
        "h3_color": "#FFFFFF",
        "h4_color": "#FFFFFF",
        "h5_color": "#FFFFFF",
        "h6_color": "#FFFFFF",
        "h2_typography_line_height": {
            "unit": "em",
            "size": 1.1999999999999999555910790149937383830547332763671875,
            "sizes": []
        },
        "h3_typography_font_size_mobile": {
            "unit": "px",
            "size": 22,
            "sizes": []
        },
        "h3_typography_line_height": {
            "unit": "em",
            "size": 1.1999999999999999555910790149937383830547332763671875,
            "sizes": []
        },
        "h4_typography_font_size_mobile": {
            "unit": "px",
            "size": 20,
            "sizes": []
        },
        "h5_typography_font_size_mobile": {
            "unit": "px",
            "size": 18,
            "sizes": []
        },
        "h4_typography_line_height": {
            "unit": "em",
            "size": 1.3000000000000000444089209850062616169452667236328125,
            "sizes": []
        },
        "h5_typography_line_height": {
            "unit": "em",
            "size": 1.3000000000000000444089209850062616169452667236328125,
            "sizes": []
        },
        "h6_typography_line_height": {
            "unit": "em",
            "size": 1.399999999999999911182158029987476766109466552734375,
            "sizes": []
        },
        "body_background_background": "classic",
        "hello_footer_copyright_text": "All rights reserved",
        "h6_typography_font_size_mobile": {
            "unit": "px",
            "size": 13,
            "sizes": []
        },
        "body_typography_letter_spacing": {
            "unit": "px",
            "size": 0.5,
            "sizes": []
        },
        "h5_typography_font_size_tablet": {
            "unit": "px",
            "size": 18,
            "sizes": []
        },
        "h6_typography_font_size_tablet": {
            "unit": "px",
            "size": 14,
            "sizes": []
        },
        "body_color": "#848484",
        "button_typography_font_size_mobile": {
            "unit": "px",
            "size": 13,
            "sizes": []
        },
        "h3_typography_font_size_tablet": {
            "unit": "px",
            "size": 30,
            "sizes": []
        },
        "h4_typography_font_size_tablet": {
            "unit": "px",
            "size": 25,
            "sizes": []
        },
        "body_typography_font_size_tablet": {
            "unit": "px",
            "size": 15,
            "sizes": []
        },
        "body_background_color": "#06001D"
    }
}