{
    "version": "0.4",
    "title": "Header",
    "type": "section",
    "metadata": {
        "template_type": "section-header",
        "include_in_zip": "1",
        "elementor_pro_required": null,
        "wp_page_template": "elementor_canvas"
    },
    "content": [
        {
            "id": "6b7777e3",
            "settings": {
                "structure": "30",
                "content_position": "middle",
                "background_image": {
                    "id": 1412,
                    "url": "http:\/\/nexmax.pandastock.net\/wp-content\/uploads\/2021\/10\/BG-Header.png"
                },
                "background_position": "center center",
                "background_attachment": "scroll",
                "background_repeat": "no-repeat",
                "background_size": "auto",
                "border_border": "solid",
                "border_width": {
                    "unit": "px",
                    "top": "0",
                    "right": "0",
                    "bottom": "2",
                    "left": "0",
                    "isLinked": ""
                },
                "border_color": "#3F3F3F",
                "margin": {
                    "unit": "px",
                    "top": "0",
                    "right": "0",
                    "bottom": "0",
                    "left": "0",
                    "isLinked": ""
                },
                "padding": {
                    "unit": "%",
                    "top": "0",
                    "right": "0",
                    "bottom": "0",
                    "left": "0",
                    "isLinked": ""
                },
                "z_index": "10",
                "hide_tablet": "hidden-tablet",
                "hide_mobile": "hidden-mobile"
            },
            "elements": [
                {
                    "id": "3ce70f50",
                    "settings": {
                        "_column_size": "33",
                        "_inline_size": "42",
                        "background_background": "classic",
                        "padding": {
                            "unit": "px",
                            "top": "0",
                            "right": "0",
                            "bottom": "0",
                            "left": "0",
                            "isLinked": ""
                        },
                        "margin": {
                            "unit": "px",
                            "top": "0",
                            "right": "0",
                            "bottom": "0",
                            "left": "0",
                            "isLinked": ""
                        },
                        "_inline_size_mobile": 25
                    },
                    "elements": [
                        {
                            "id": "5100895",
                            "settings": {
                                "sg_menu_choose": "menu-1",
                                "sg_menu_alignment_responsive": "flex-end",
                                "st_menu_wrapper_height_responsive": {
                                    "unit": "px",
                                    "size": 40,
                                    "sizes": []
                                },
                                "st_menu_item_text_normal_color_responsive": "#FFFFFF",
                                "st_menu_item_text_hover_color_responsive": "#F3DE2C",
                                "st_menu_item_text_active_color_responsive": "#F3DE2C",
                                "st_hamburger_menu_position_responsive": "",
                                "st_hamburger_menu_icon_background_background_background": "classic",
                                "st_hamburger_menu_icon_background_background_color": "#02010100",
                                "st_hamburger_menu_icon_border_border_border": "solid",
                                "st_hamburger_menu_icon_border_border_width_tablet": {
                                    "unit": "px",
                                    "top": "0",
                                    "right": "0",
                                    "bottom": "0",
                                    "left": "0",
                                    "isLinked": true
                                },
                                "st_hamburger_menu_close_background_background_background": "classic",
                                "st_hamburger_menu_close_background_background_color": "#02010100",
                                "ha_advanced_tooltip_content": "I am a tooltip",
                                "__globals__": {
                                    "st_menu_item_typography_content_typography_typography": "globals\/typography?id=0db4e48",
                                    "st_submenu_item_typography_content_typography_typography": "globals\/typography?id=0db4e48"
                                },
                                "st_submenu_item_text_hover_color_responsive": "#F3DE2C",
                                "st_submenu_item_text_active_color_responsive": "#F3DE2C"
                            },
                            "elements": [],
                            "isInner": false,
                            "widgetType": "jkit_nav_menu",
                            "elType": "widget"
                        }
                    ],
                    "isInner": "",
                    "elType": "column"
                },
                {
                    "id": "28a73123",
                    "settings": {
                        "_column_size": "33",
                        "_inline_size": "15.664",
                        "content_position": "center",
                        "background_background": "classic",
                        "background_position": "top center",
                        "background_attachment": "scroll",
                        "background_repeat": "no-repeat",
                        "background_size": "contain",
                        "background_overlay_image": {
                            "id": 1410,
                            "url": "http:\/\/nexmax.pandastock.net\/wp-content\/uploads\/2021\/10\/Logo-Esport-Assasin-2.png"
                        },
                        "background_overlay_position": "center center",
                        "background_overlay_attachment": "scroll",
                        "background_overlay_repeat": "no-repeat",
                        "background_overlay_size": "contain",
                        "background_overlay_opacity": {
                            "unit": "px",
                            "size": "1",
                            "sizes": []
                        },
                        "margin": {
                            "unit": "px",
                            "top": "0",
                            "right": "0",
                            "bottom": "0",
                            "left": "0",
                            "isLinked": ""
                        },
                        "padding": {
                            "unit": "px",
                            "top": "0",
                            "right": "0",
                            "bottom": "0",
                            "left": "0",
                            "isLinked": ""
                        },
                        "z_index": "1",
                        "_inline_size_mobile": 50
                    },
                    "elements": [
                        {
                            "id": "7c3c6dd",
                            "settings": {
                                "margin": {
                                    "unit": "px",
                                    "top": "0",
                                    "right": "0",
                                    "bottom": "0",
                                    "left": "0",
                                    "isLinked": ""
                                },
                                "padding": {
                                    "unit": "px",
                                    "top": "0",
                                    "right": "0",
                                    "bottom": "0",
                                    "left": "0",
                                    "isLinked": ""
                                }
                            },
                            "elements": [
                                {
                                    "id": "2f05ec0b",
                                    "settings": {
                                        "_column_size": "100",
                                        "background_background": "classic",
                                        "background_image": {
                                            "id": 1411,
                                            "url": "http:\/\/nexmax.pandastock.net\/wp-content\/uploads\/2021\/10\/BG-Header-Logo.png"
                                        },
                                        "background_position": "top center",
                                        "background_attachment": "scroll",
                                        "background_repeat": "no-repeat",
                                        "background_size": "contain",
                                        "margin": {
                                            "unit": "%",
                                            "top": "-13",
                                            "right": "0",
                                            "bottom": "-28",
                                            "left": "0",
                                            "isLinked": ""
                                        },
                                        "padding": {
                                            "unit": "%",
                                            "top": "18",
                                            "right": "0",
                                            "bottom": "18",
                                            "left": "0",
                                            "isLinked": ""
                                        },
                                        "z_index": "2",
                                        "content_position": "center"
                                    },
                                    "elements": [
                                        {
                                            "id": "5a9419bd",
                                            "settings": {
                                                "image": {
                                                    "id": 1833,
                                                    "url": "http:\/\/nexmax.pandastock.net\/wp-content\/uploads\/2021\/10\/PSD.png",
                                                    "alt": "",
                                                    "source": "library"
                                                },
                                                "align": "center",
                                                "width": {
                                                    "unit": "%",
                                                    "size": 45,
                                                    "sizes": []
                                                },
                                                "_margin": {
                                                    "unit": "px",
                                                    "top": "0",
                                                    "right": "0",
                                                    "bottom": "0",
                                                    "left": "0",
                                                    "isLinked": ""
                                                },
                                                "_padding": {
                                                    "unit": "px",
                                                    "top": "0",
                                                    "right": "0",
                                                    "bottom": "0",
                                                    "left": "0",
                                                    "isLinked": false
                                                },
                                                "image_size": "full",
                                                "ha_advanced_tooltip_content": "I am a tooltip"
                                            },
                                            "elements": [],
                                            "isInner": false,
                                            "widgetType": "image",
                                            "elType": "widget"
                                        }
                                    ],
                                    "isInner": "1",
                                    "elType": "column"
                                }
                            ],
                            "isInner": "1",
                            "elType": "section"
                        }
                    ],
                    "isInner": "",
                    "elType": "column"
                },
                {
                    "id": "4539e56b",
                    "settings": {
                        "_column_size": "33",
                        "_inline_size": "42",
                        "background_background": "classic",
                        "padding": {
                            "unit": "px",
                            "top": "0",
                            "right": "0",
                            "bottom": "0",
                            "left": "0",
                            "isLinked": ""
                        },
                        "_inline_size_mobile": 25
                    },
                    "elements": [
                        {
                            "id": "75699431",
                            "settings": {
                                "sg_menu_choose": "menu-2",
                                "ha_advanced_tooltip_content": "I am a tooltip",
                                "st_menu_wrapper_height_responsive": {
                                    "unit": "px",
                                    "size": 40,
                                    "sizes": []
                                },
                                "st_menu_item_text_normal_color_responsive": "#FFFFFF",
                                "st_menu_item_text_hover_color_responsive": "#F3DE2C",
                                "st_menu_item_text_active_color_responsive": "#F3DE2C",
                                "st_hamburger_menu_position_responsive": "",
                                "st_hamburger_menu_position_responsive_tablet": "left",
                                "st_hamburger_menu_icon_background_background_background": "classic",
                                "st_hamburger_menu_icon_background_background_color": "#02010100",
                                "st_hamburger_menu_icon_border_border_border": "solid",
                                "st_hamburger_menu_icon_border_border_width_tablet": {
                                    "unit": "px",
                                    "top": "0",
                                    "right": "0",
                                    "bottom": "0",
                                    "left": "0",
                                    "isLinked": true
                                },
                                "__globals__": {
                                    "st_menu_item_typography_content_typography_typography": "globals\/typography?id=0db4e48"
                                }
                            },
                            "elements": [],
                            "isInner": false,
                            "widgetType": "jkit_nav_menu",
                            "elType": "widget"
                        }
                    ],
                    "isInner": "",
                    "elType": "column"
                }
            ],
            "isInner": "",
            "elType": "section"
        },
        {
            "id": "3b59e8f5",
            "settings": {
                "structure": "20",
                "content_position": "middle",
                "background_image": {
                    "id": 1412,
                    "url": "http:\/\/nexmax.pandastock.net\/wp-content\/uploads\/2021\/10\/BG-Header.png"
                },
                "background_position": "center center",
                "background_attachment": "scroll",
                "background_repeat": "no-repeat",
                "background_size": "auto",
                "border_width": {
                    "unit": "px",
                    "top": "0",
                    "right": "0",
                    "bottom": "2",
                    "left": "0",
                    "isLinked": ""
                },
                "border_color": "#3F3F3F",
                "margin": {
                    "unit": "px",
                    "top": "0",
                    "right": "0",
                    "bottom": "0",
                    "left": "0",
                    "isLinked": ""
                },
                "padding": {
                    "unit": "%",
                    "top": "0",
                    "right": "0",
                    "bottom": "0",
                    "left": "0",
                    "isLinked": ""
                },
                "z_index": "10",
                "margin_tablet": {
                    "unit": "%",
                    "top": "0",
                    "right": "0",
                    "bottom": "0",
                    "left": "0",
                    "isLinked": ""
                },
                "padding_tablet": {
                    "unit": "%",
                    "top": "0",
                    "right": "0",
                    "bottom": "0",
                    "left": "0",
                    "isLinked": ""
                },
                "hide_desktop": "hidden-desktop"
            },
            "elements": [
                {
                    "id": "5cd50211",
                    "settings": {
                        "_column_size": "50",
                        "_inline_size": "25",
                        "content_position": "center",
                        "background_background": "classic",
                        "background_position": "top center",
                        "background_attachment": "scroll",
                        "background_repeat": "no-repeat",
                        "background_size": "contain",
                        "background_overlay_image": {
                            "id": 1410,
                            "url": "http:\/\/nexmax.pandastock.net\/wp-content\/uploads\/2021\/10\/Logo-Esport-Assasin-2.png"
                        },
                        "background_overlay_position": "center center",
                        "background_overlay_attachment": "scroll",
                        "background_overlay_repeat": "no-repeat",
                        "background_overlay_size": "contain",
                        "background_overlay_opacity": {
                            "unit": "px",
                            "size": "1",
                            "sizes": []
                        },
                        "margin": {
                            "unit": "px",
                            "top": "0",
                            "right": "0",
                            "bottom": "0",
                            "left": "0",
                            "isLinked": ""
                        },
                        "padding": {
                            "unit": "px",
                            "top": "0",
                            "right": "0",
                            "bottom": "0",
                            "left": "0",
                            "isLinked": ""
                        },
                        "_inline_size_mobile": "50",
                        "margin_tablet": {
                            "unit": "px",
                            "top": "-10",
                            "right": "0",
                            "bottom": "0",
                            "left": "0",
                            "isLinked": ""
                        },
                        "padding_tablet": {
                            "unit": "px",
                            "top": "0",
                            "right": "0",
                            "bottom": "0",
                            "left": "0",
                            "isLinked": ""
                        }
                    },
                    "elements": [
                        {
                            "id": "79175d39",
                            "settings": {
                                "margin": {
                                    "unit": "px",
                                    "top": "0",
                                    "right": "0",
                                    "bottom": "0",
                                    "left": "0",
                                    "isLinked": ""
                                },
                                "padding": {
                                    "unit": "px",
                                    "top": "0",
                                    "right": "0",
                                    "bottom": "0",
                                    "left": "0",
                                    "isLinked": ""
                                },
                                "margin_tablet": {
                                    "unit": "px",
                                    "top": "0",
                                    "right": "0",
                                    "bottom": "-30",
                                    "left": "0",
                                    "isLinked": ""
                                },
                                "padding_tablet": {
                                    "unit": "px",
                                    "top": "10",
                                    "right": "0",
                                    "bottom": "0",
                                    "left": "0",
                                    "isLinked": ""
                                }
                            },
                            "elements": [
                                {
                                    "id": "4e428924",
                                    "settings": {
                                        "_column_size": "100",
                                        "background_background": "classic",
                                        "background_image": {
                                            "id": 1411,
                                            "url": "http:\/\/nexmax.pandastock.net\/wp-content\/uploads\/2021\/10\/BG-Header-Logo.png"
                                        },
                                        "background_position": "top center",
                                        "background_attachment": "scroll",
                                        "background_repeat": "no-repeat",
                                        "background_size": "contain",
                                        "margin": {
                                            "unit": "%",
                                            "top": "-13",
                                            "right": "0",
                                            "bottom": "-28",
                                            "left": "0",
                                            "isLinked": ""
                                        },
                                        "padding": {
                                            "unit": "%",
                                            "top": "18",
                                            "right": "0",
                                            "bottom": "18",
                                            "left": "0",
                                            "isLinked": ""
                                        },
                                        "z_index": "1",
                                        "content_position": "center",
                                        "_inline_size_tablet": "100",
                                        "background_position_tablet": "center center",
                                        "margin_tablet": {
                                            "unit": "px",
                                            "top": "0",
                                            "right": "0",
                                            "bottom": "0",
                                            "left": "0",
                                            "isLinked": ""
                                        },
                                        "padding_tablet": {
                                            "unit": "%",
                                            "top": "5",
                                            "right": "5",
                                            "bottom": "5",
                                            "left": "5",
                                            "isLinked": true
                                        },
                                        "background_size_tablet": "contain"
                                    },
                                    "elements": [
                                        {
                                            "id": "3107ba96",
                                            "settings": {
                                                "image": {
                                                    "id": 1833,
                                                    "url": "http:\/\/nexmax.pandastock.net\/wp-content\/uploads\/2021\/10\/PSD.png",
                                                    "alt": "",
                                                    "source": "library"
                                                },
                                                "align": "center",
                                                "width": {
                                                    "unit": "%",
                                                    "size": "44",
                                                    "sizes": []
                                                },
                                                "_margin": {
                                                    "unit": "px",
                                                    "top": "0",
                                                    "right": "0",
                                                    "bottom": "0",
                                                    "left": "0",
                                                    "isLinked": ""
                                                },
                                                "_padding": {
                                                    "unit": "px",
                                                    "top": "0",
                                                    "right": "0",
                                                    "bottom": "0",
                                                    "left": "0",
                                                    "isLinked": ""
                                                },
                                                "align_tablet": "center",
                                                "width_tablet": {
                                                    "unit": "%",
                                                    "size": 40,
                                                    "sizes": []
                                                },
                                                "image_size": "full",
                                                "align_mobile": "center",
                                                "width_mobile": {
                                                    "unit": "%",
                                                    "size": 40,
                                                    "sizes": []
                                                },
                                                "ha_advanced_tooltip_content": "I am a tooltip"
                                            },
                                            "elements": [],
                                            "isInner": false,
                                            "widgetType": "image",
                                            "elType": "widget"
                                        }
                                    ],
                                    "isInner": "1",
                                    "elType": "column"
                                }
                            ],
                            "isInner": "1",
                            "elType": "section"
                        }
                    ],
                    "isInner": "",
                    "elType": "column"
                },
                {
                    "id": "1e24f717",
                    "settings": {
                        "_column_size": "50",
                        "_inline_size": "75",
                        "background_background": "classic",
                        "_inline_size_tablet": "75",
                        "_inline_size_mobile": "50",
                        "border_border": "solid",
                        "border_width_tablet": {
                            "unit": "px",
                            "top": "0",
                            "right": "0",
                            "bottom": "2",
                            "left": "0",
                            "isLinked": ""
                        },
                        "border_color": "#3F3F3F",
                        "padding_tablet": {
                            "unit": "%",
                            "top": "",
                            "right": "",
                            "bottom": "",
                            "left": "",
                            "isLinked": true
                        },
                        "padding_mobile": {
                            "unit": "%",
                            "top": "",
                            "right": "",
                            "bottom": "",
                            "left": "",
                            "isLinked": true
                        },
                        "content_position_tablet": "center"
                    },
                    "elements": [
                        {
                            "id": "1a1d7f5f",
                            "settings": {
                                "sg_menu_choose": "menu-3",
                                "ha_advanced_tooltip_content": "I am a tooltip",
                                "sg_menu_alignment_responsive_tablet": "flex-start",
                                "st_menu_wrapper_height_responsive": {
                                    "unit": "px",
                                    "size": 40,
                                    "sizes": []
                                },
                                "st_menu_item_text_normal_color_responsive": "#FFFFFF",
                                "st_menu_item_text_hover_color_responsive": "#F3DE2C",
                                "st_menu_item_text_active_color_responsive": "#F3DE2C",
                                "st_hamburger_menu_position_responsive": "",
                                "st_hamburger_menu_position_responsive_tablet": "right",
                                "st_hamburger_menu_icon_background_background_background": "classic",
                                "st_hamburger_menu_icon_background_background_color": "#02010100",
                                "st_hamburger_menu_icon_border_border_border": "solid",
                                "st_hamburger_menu_icon_border_border_width_tablet": {
                                    "unit": "px",
                                    "top": "0",
                                    "right": "0",
                                    "bottom": "0",
                                    "left": "0",
                                    "isLinked": true
                                },
                                "st_hamburger_menu_icon_border_border_width_mobile": {
                                    "unit": "px",
                                    "top": "0",
                                    "right": "0",
                                    "bottom": "0",
                                    "left": "0",
                                    "isLinked": true
                                },
                                "st_hamburger_menu_icon_color_responsive_mobile": "#FFFFFF",
                                "__globals__": {
                                    "st_menu_item_typography_content_typography_typography": "globals\/typography?id=0db4e48",
                                    "st_submenu_item_typography_content_typography_typography": "globals\/typography?id=0db4e48"
                                },
                                "st_menu_wrapper_height_responsive_mobile": {
                                    "unit": "px",
                                    "size": 30,
                                    "sizes": []
                                },
                                "st_menu_wrapper_background_background_background": "classic",
                                "st_menu_wrapper_background_background_color": "#020009",
                                "st_menu_item_spacing_responsive_tablet": {
                                    "unit": "px",
                                    "top": "10",
                                    "right": "30",
                                    "bottom": "10",
                                    "left": "30",
                                    "isLinked": false
                                },
                                "st_menu_item_text_normal_color_responsive_tablet": "#FFFFFF",
                                "st_menu_item_text_normal_bg_background_background": "classic",
                                "st_submenu_item_indicator_color_responsive": "#FFFFFF",
                                "st_submenu_item_indicator_color_responsive_tablet": "#FFFFFF",
                                "st_submenu_item_indicator_border_border_border": "solid",
                                "st_submenu_item_indicator_border_border_width_tablet": {
                                    "unit": "px",
                                    "top": "0",
                                    "right": "0",
                                    "bottom": "0",
                                    "left": "0",
                                    "isLinked": true
                                },
                                "st_submenu_item_spacing_responsive_tablet": {
                                    "unit": "px",
                                    "top": "10",
                                    "right": "40",
                                    "bottom": "10",
                                    "left": "40",
                                    "isLinked": false
                                },
                                "st_submenu_item_text_normal_color_responsive_tablet": "#FFFFFF",
                                "st_submenu_item_text_normal_bg_background_background": "classic",
                                "st_submenu_panel_background_background_background": "classic",
                                "st_hamburger_menu_icon_color_responsive_tablet": "#FFFFFF",
                                "st_hamburger_menu_close_background_background_background": "classic",
                                "st_hamburger_menu_close_border_border_border": "solid",
                                "st_hamburger_menu_close_border_border_width_tablet": {
                                    "unit": "px",
                                    "top": "0",
                                    "right": "0",
                                    "bottom": "0",
                                    "left": "0",
                                    "isLinked": true
                                },
                                "st_hamburger_menu_close_color_responsive_tablet": "#000000",
                                "st_hamburger_menu_icon_size_responsive_mobile": {
                                    "unit": "px",
                                    "size": 20,
                                    "sizes": []
                                },
                                "st_hamburger_menu_icon_padding_responsive_mobile": {
                                    "unit": "px",
                                    "top": "0",
                                    "right": "0",
                                    "bottom": "0",
                                    "left": "0",
                                    "isLinked": false
                                }
                            },
                            "elements": [],
                            "isInner": false,
                            "widgetType": "jkit_nav_menu",
                            "elType": "widget"
                        }
                    ],
                    "isInner": "",
                    "elType": "column"
                }
            ],
            "isInner": "",
            "elType": "section"
        }
    ],
    "page_settings": {
        "hide_title": "yes",
        "ha_grid_number": "",
        "ha_grid_zindex": "1000",
        "template": "elementor_canvas"
    }
}