{
    "version": "0.4",
    "title": "Our Event",
    "type": "page",
    "metadata": {
        "template_type": "single-page",
        "include_in_zip": "1",
        "elementor_pro_required": null,
        "wp_page_template": "elementor_header_footer"
    },
    "content": [
        {
            "id": "e2dc6e3",
            "settings": {
                "background_background": "classic",
                "background_image": {
                    "id": 1322,
                    "url": "http:\/\/nexmax.pandastock.net\/wp-content\/uploads\/2021\/10\/team-of-four-professional-cybersport-gamers-wearing-headphones.jpg",
                    "alt": "Team of four professional cybersport gamers wearing headphones",
                    "source": "library"
                },
                "background_position": "center center",
                "background_repeat": "no-repeat",
                "background_size": "cover",
                "background_overlay_background": "classic",
                "background_overlay_color": "#020009",
                "background_overlay_opacity": {
                    "unit": "px",
                    "size": 0.84999999999999997779553950749686919152736663818359375,
                    "sizes": []
                },
                "padding": {
                    "unit": "em",
                    "top": "",
                    "right": "",
                    "bottom": "",
                    "left": "",
                    "isLinked": true
                },
                "padding_tablet": {
                    "unit": "em",
                    "top": "",
                    "right": "",
                    "bottom": "",
                    "left": "",
                    "isLinked": true
                },
                "content_width": {
                    "unit": "px",
                    "size": 1000,
                    "sizes": []
                },
                "background_position_tablet": "center center",
                "gap": "wide",
                "height": "min-height",
                "custom_height": {
                    "unit": "vh",
                    "size": 50,
                    "sizes": []
                },
                "custom_height_tablet": {
                    "unit": "vh",
                    "size": "",
                    "sizes": []
                },
                "custom_height_mobile": {
                    "unit": "vh",
                    "size": 40,
                    "sizes": []
                },
                "content_position": "middle",
                "background_repeat_tablet": "no-repeat",
                "background_size_tablet": "cover"
            },
            "elements": [
                {
                    "id": "28ac406a",
                    "settings": {
                        "_column_size": 100,
                        "_inline_size": null
                    },
                    "elements": [
                        {
                            "id": "7c1bda1b",
                            "settings": {
                                "title": "Nexmax - Our Event",
                                "header_size": "h1",
                                "align": "center",
                                "__globals__": {
                                    "typography_typography": ""
                                },
                                "ha_advanced_tooltip_content": "I am a tooltip",
                                "title_color": "#FFFFFF"
                            },
                            "elements": [],
                            "isInner": false,
                            "widgetType": "heading",
                            "elType": "widget"
                        }
                    ],
                    "isInner": false,
                    "elType": "column"
                }
            ],
            "isInner": false,
            "elType": "section"
        },
        {
            "id": "4f3d81a3",
            "settings": {
                "gap": "wide",
                "content_position": "middle",
                "background_background": "classic",
                "padding": {
                    "unit": "em",
                    "top": "4",
                    "right": "0",
                    "bottom": "4",
                    "left": "0",
                    "isLinked": false
                },
                "reverse_order_mobile": "reverse-mobile",
                "reverse_order_tablet": "reverse-tablet",
                "content_width": {
                    "unit": "px",
                    "size": 1000,
                    "sizes": []
                }
            },
            "elements": [
                {
                    "id": "57ab7647",
                    "settings": {
                        "_column_size": 100,
                        "_inline_size": null,
                        "_inline_size_tablet": 100
                    },
                    "elements": [
                        {
                            "id": "107d17d9",
                            "settings": {
                                "title": "Welcome to the International<br\/>Esports Nexmax",
                                "align_mobile": "center",
                                "ha_advanced_tooltip_content": "I am a tooltip",
                                "align_tablet": "center",
                                "align": "center"
                            },
                            "elements": [],
                            "isInner": false,
                            "widgetType": "heading",
                            "elType": "widget"
                        },
                        {
                            "id": "d3ca738",
                            "settings": {
                                "editor": "<p>Descriptive paragraph that tells clients lorem ipsum dolor mediocritatem maiestatis tempor appareat epicurei voluptatibus usuanomittam how good you are and proves paragraph is also for those who are looking out for a reliable service<\/p>",
                                "align_mobile": "center",
                                "text_color": "#FFFFFF",
                                "ha_advanced_tooltip_content": "I am a tooltip",
                                "align_tablet": "center",
                                "align": "center"
                            },
                            "elements": [],
                            "isInner": false,
                            "widgetType": "text-editor",
                            "elType": "widget"
                        },
                        {
                            "id": "7ed781f4",
                            "settings": {
                                "layout": "full_width",
                                "content_position": "middle",
                                "structure": "40",
                                "padding": {
                                    "unit": "px",
                                    "top": "0",
                                    "right": "0",
                                    "bottom": "0",
                                    "left": "0",
                                    "isLinked": ""
                                },
                                "gap": "no"
                            },
                            "elements": [
                                {
                                    "id": "3cad4351",
                                    "settings": {
                                        "_column_size": 25,
                                        "background_background": "classic",
                                        "margin": {
                                            "unit": "%",
                                            "top": "",
                                            "right": "",
                                            "bottom": "",
                                            "left": "",
                                            "isLinked": true
                                        },
                                        "padding": {
                                            "unit": "px",
                                            "top": "40",
                                            "right": "0",
                                            "bottom": "40",
                                            "left": "0",
                                            "isLinked": false
                                        },
                                        "_inline_size_mobile": "50",
                                        "background_hover_background": "classic",
                                        "background_hover_color": "#000000",
                                        "_inline_size": null,
                                        "border_border": "solid",
                                        "border_width": {
                                            "unit": "px",
                                            "top": "1",
                                            "right": "0",
                                            "bottom": "1",
                                            "left": "1",
                                            "isLinked": false
                                        },
                                        "border_color": "#8484842B",
                                        "space_between_widgets": 10,
                                        "border_width_mobile": {
                                            "unit": "px",
                                            "top": "1",
                                            "right": "1",
                                            "bottom": "1",
                                            "left": "1",
                                            "isLinked": true
                                        }
                                    },
                                    "elements": [
                                        {
                                            "id": "7b02a079",
                                            "settings": {
                                                "selected_icon": {
                                                    "value": "hm hm-cross-game",
                                                    "library": "happy-icons"
                                                },
                                                "primary_color": "#FFFFFF",
                                                "size": {
                                                    "unit": "px",
                                                    "size": 35,
                                                    "sizes": []
                                                },
                                                "ha_advanced_tooltip_content": "I am a tooltip"
                                            },
                                            "elements": [],
                                            "isInner": false,
                                            "widgetType": "icon",
                                            "elType": "widget"
                                        },
                                        {
                                            "id": "6c80b6b1",
                                            "settings": {
                                                "ending_number": 143,
                                                "thousand_separator_char": ".",
                                                "title": "",
                                                "number_color": "#FFFFFF",
                                                "title_color": "#BCC6C9",
                                                "_margin_tablet": {
                                                    "unit": "px",
                                                    "top": "0",
                                                    "right": "0",
                                                    "bottom": "0",
                                                    "left": "0",
                                                    "isLinked": ""
                                                },
                                                "_padding_tablet": {
                                                    "unit": "%",
                                                    "top": "0",
                                                    "right": "5",
                                                    "bottom": "0",
                                                    "left": "5",
                                                    "isLinked": ""
                                                },
                                                "__globals__": {
                                                    "typography_title_typography": "globals\/typography?id=0db4e48",
                                                    "typography_number_typography": "globals\/typography?id=7e2aaa0"
                                                },
                                                "ha_advanced_tooltip_content": "I am a tooltip"
                                            },
                                            "elements": [],
                                            "isInner": false,
                                            "widgetType": "counter",
                                            "elType": "widget"
                                        },
                                        {
                                            "id": "4e2240f6",
                                            "settings": {
                                                "title": "Games",
                                                "header_size": "h6",
                                                "align": "center",
                                                "ha_advanced_tooltip_content": "I am a tooltip"
                                            },
                                            "elements": [],
                                            "isInner": false,
                                            "widgetType": "heading",
                                            "elType": "widget"
                                        }
                                    ],
                                    "isInner": "1",
                                    "elType": "column"
                                },
                                {
                                    "id": "cf23a60",
                                    "settings": {
                                        "_column_size": 25,
                                        "background_background": "classic",
                                        "margin": {
                                            "unit": "%",
                                            "top": "",
                                            "right": "",
                                            "bottom": "",
                                            "left": "",
                                            "isLinked": true
                                        },
                                        "padding": {
                                            "unit": "px",
                                            "top": "40",
                                            "right": "0",
                                            "bottom": "40",
                                            "left": "0",
                                            "isLinked": false
                                        },
                                        "_inline_size_mobile": "50",
                                        "background_hover_background": "classic",
                                        "background_hover_color": "#000000",
                                        "_inline_size": null,
                                        "border_border": "solid",
                                        "border_width": {
                                            "unit": "px",
                                            "top": "1",
                                            "right": "1",
                                            "bottom": "1",
                                            "left": "1",
                                            "isLinked": true
                                        },
                                        "border_color": "#8484842B",
                                        "space_between_widgets": 10,
                                        "border_width_mobile": {
                                            "unit": "px",
                                            "top": "1",
                                            "right": "1",
                                            "bottom": "1",
                                            "left": "0",
                                            "isLinked": false
                                        }
                                    },
                                    "elements": [
                                        {
                                            "id": "3094029d",
                                            "settings": {
                                                "selected_icon": {
                                                    "value": "jki jki-users-line",
                                                    "library": "jkiticon"
                                                },
                                                "primary_color": "#FFFFFF",
                                                "size": {
                                                    "unit": "px",
                                                    "size": 35,
                                                    "sizes": []
                                                },
                                                "ha_advanced_tooltip_content": "I am a tooltip"
                                            },
                                            "elements": [],
                                            "isInner": false,
                                            "widgetType": "icon",
                                            "elType": "widget"
                                        },
                                        {
                                            "id": "29ccd7a4",
                                            "settings": {
                                                "ending_number": 489,
                                                "thousand_separator_char": ".",
                                                "title": "",
                                                "number_color": "#FFFFFF",
                                                "title_color": "#BCC6C9",
                                                "_margin_tablet": {
                                                    "unit": "px",
                                                    "top": "0",
                                                    "right": "0",
                                                    "bottom": "0",
                                                    "left": "0",
                                                    "isLinked": ""
                                                },
                                                "_padding_tablet": {
                                                    "unit": "%",
                                                    "top": "0",
                                                    "right": "5",
                                                    "bottom": "0",
                                                    "left": "5",
                                                    "isLinked": ""
                                                },
                                                "__globals__": {
                                                    "typography_title_typography": "globals\/typography?id=0db4e48",
                                                    "typography_number_typography": "globals\/typography?id=7e2aaa0"
                                                },
                                                "ha_advanced_tooltip_content": "I am a tooltip"
                                            },
                                            "elements": [],
                                            "isInner": false,
                                            "widgetType": "counter",
                                            "elType": "widget"
                                        },
                                        {
                                            "id": "18da83c4",
                                            "settings": {
                                                "title": "Players",
                                                "header_size": "h6",
                                                "align": "center",
                                                "ha_advanced_tooltip_content": "I am a tooltip"
                                            },
                                            "elements": [],
                                            "isInner": false,
                                            "widgetType": "heading",
                                            "elType": "widget"
                                        }
                                    ],
                                    "isInner": true,
                                    "elType": "column"
                                },
                                {
                                    "id": "169b2f05",
                                    "settings": {
                                        "_column_size": 25,
                                        "background_background": "classic",
                                        "margin": {
                                            "unit": "%",
                                            "top": "",
                                            "right": "",
                                            "bottom": "",
                                            "left": "",
                                            "isLinked": true
                                        },
                                        "padding": {
                                            "unit": "px",
                                            "top": "40",
                                            "right": "0",
                                            "bottom": "40",
                                            "left": "0",
                                            "isLinked": false
                                        },
                                        "_inline_size_mobile": 50,
                                        "background_hover_background": "classic",
                                        "_inline_size": null,
                                        "border_border": "solid",
                                        "border_width": {
                                            "unit": "px",
                                            "top": "1",
                                            "right": "1",
                                            "bottom": "1",
                                            "left": "0",
                                            "isLinked": false
                                        },
                                        "border_color": "#8484842B",
                                        "space_between_widgets": 10,
                                        "background_color": "#020009",
                                        "border_width_mobile": {
                                            "unit": "px",
                                            "top": "0",
                                            "right": "1",
                                            "bottom": "1",
                                            "left": "1",
                                            "isLinked": false
                                        }
                                    },
                                    "elements": [
                                        {
                                            "id": "27ff3604",
                                            "settings": {
                                                "selected_icon": {
                                                    "value": "jki jki-dollar-sign-line",
                                                    "library": "jkiticon"
                                                },
                                                "primary_color": "#FFFFFF",
                                                "size": {
                                                    "unit": "px",
                                                    "size": 35,
                                                    "sizes": []
                                                },
                                                "ha_advanced_tooltip_content": "I am a tooltip"
                                            },
                                            "elements": [],
                                            "isInner": false,
                                            "widgetType": "icon",
                                            "elType": "widget"
                                        },
                                        {
                                            "id": "b8b5108",
                                            "settings": {
                                                "ending_number": 4600,
                                                "thousand_separator_char": ".",
                                                "title": "",
                                                "number_color": "#FFFFFF",
                                                "title_color": "#BCC6C9",
                                                "_margin_tablet": {
                                                    "unit": "px",
                                                    "top": "0",
                                                    "right": "0",
                                                    "bottom": "0",
                                                    "left": "0",
                                                    "isLinked": ""
                                                },
                                                "_padding_tablet": {
                                                    "unit": "%",
                                                    "top": "0",
                                                    "right": "5",
                                                    "bottom": "0",
                                                    "left": "5",
                                                    "isLinked": ""
                                                },
                                                "__globals__": {
                                                    "typography_title_typography": "globals\/typography?id=0db4e48",
                                                    "typography_number_typography": "globals\/typography?id=7e2aaa0"
                                                },
                                                "ha_advanced_tooltip_content": "I am a tooltip",
                                                "prefix": "$"
                                            },
                                            "elements": [],
                                            "isInner": false,
                                            "widgetType": "counter",
                                            "elType": "widget"
                                        },
                                        {
                                            "id": "17838f90",
                                            "settings": {
                                                "title": "Total prize",
                                                "header_size": "h6",
                                                "align": "center",
                                                "ha_advanced_tooltip_content": "I am a tooltip"
                                            },
                                            "elements": [],
                                            "isInner": false,
                                            "widgetType": "heading",
                                            "elType": "widget"
                                        }
                                    ],
                                    "isInner": true,
                                    "elType": "column"
                                },
                                {
                                    "id": "3cc84cc2",
                                    "settings": {
                                        "_column_size": 25,
                                        "background_background": "classic",
                                        "margin": {
                                            "unit": "%",
                                            "top": "",
                                            "right": "",
                                            "bottom": "",
                                            "left": "",
                                            "isLinked": true
                                        },
                                        "padding": {
                                            "unit": "px",
                                            "top": "40",
                                            "right": "0",
                                            "bottom": "40",
                                            "left": "0",
                                            "isLinked": false
                                        },
                                        "_inline_size_mobile": 50,
                                        "background_hover_background": "classic",
                                        "background_hover_color": "#000000",
                                        "_inline_size": null,
                                        "border_border": "solid",
                                        "border_width": {
                                            "unit": "px",
                                            "top": "1",
                                            "right": "1",
                                            "bottom": "1",
                                            "left": "0",
                                            "isLinked": false
                                        },
                                        "border_color": "#8484842B",
                                        "space_between_widgets": 10,
                                        "border_width_mobile": {
                                            "unit": "px",
                                            "top": "0",
                                            "right": "1",
                                            "bottom": "1",
                                            "left": "1",
                                            "isLinked": false
                                        }
                                    },
                                    "elements": [
                                        {
                                            "id": "14c44f25",
                                            "settings": {
                                                "selected_icon": {
                                                    "value": "jki jki-handshake-solid",
                                                    "library": "jkiticon"
                                                },
                                                "primary_color": "#FFFFFF",
                                                "size": {
                                                    "unit": "px",
                                                    "size": 35,
                                                    "sizes": []
                                                },
                                                "ha_advanced_tooltip_content": "I am a tooltip"
                                            },
                                            "elements": [],
                                            "isInner": false,
                                            "widgetType": "icon",
                                            "elType": "widget"
                                        },
                                        {
                                            "id": "5363f7d2",
                                            "settings": {
                                                "ending_number": 32,
                                                "thousand_separator_char": ".",
                                                "title": "",
                                                "number_color": "#FFFFFF",
                                                "title_color": "#BCC6C9",
                                                "_margin_tablet": {
                                                    "unit": "px",
                                                    "top": "0",
                                                    "right": "0",
                                                    "bottom": "0",
                                                    "left": "0",
                                                    "isLinked": ""
                                                },
                                                "_padding_tablet": {
                                                    "unit": "%",
                                                    "top": "0",
                                                    "right": "5",
                                                    "bottom": "0",
                                                    "left": "5",
                                                    "isLinked": ""
                                                },
                                                "__globals__": {
                                                    "typography_title_typography": "globals\/typography?id=0db4e48",
                                                    "typography_number_typography": "globals\/typography?id=7e2aaa0"
                                                },
                                                "ha_advanced_tooltip_content": "I am a tooltip",
                                                "prefix": "$"
                                            },
                                            "elements": [],
                                            "isInner": false,
                                            "widgetType": "counter",
                                            "elType": "widget"
                                        },
                                        {
                                            "id": "2e7962e1",
                                            "settings": {
                                                "title": "Sponsor",
                                                "header_size": "h6",
                                                "align": "center",
                                                "ha_advanced_tooltip_content": "I am a tooltip"
                                            },
                                            "elements": [],
                                            "isInner": false,
                                            "widgetType": "heading",
                                            "elType": "widget"
                                        }
                                    ],
                                    "isInner": true,
                                    "elType": "column"
                                }
                            ],
                            "isInner": "1",
                            "elType": "section"
                        }
                    ],
                    "isInner": false,
                    "elType": "column"
                }
            ],
            "isInner": false,
            "elType": "section"
        },
        {
            "id": "3c75fb9d",
            "settings": {
                "background_background": "video",
                "background_video_link": "https:\/\/www.youtube.com\/watch?v=nM3-6LFdd7M&amp;t=62s",
                "background_video_start": "15",
                "background_video_end": "60",
                "padding": {
                    "unit": "em",
                    "top": "",
                    "right": "",
                    "bottom": "",
                    "left": "",
                    "isLinked": true
                },
                "background_color": "#4054B2",
                "background_overlay_background": "classic",
                "background_overlay_color": "#F3DE2C",
                "background_overlay_opacity": {
                    "unit": "px",
                    "size": 0.8000000000000000444089209850062616169452667236328125,
                    "sizes": []
                },
                "margin": {
                    "unit": "%",
                    "top": "",
                    "right": 0,
                    "bottom": "",
                    "left": 0,
                    "isLinked": true
                },
                "margin_tablet": {
                    "unit": "%",
                    "top": "",
                    "right": 0,
                    "bottom": "",
                    "left": 0,
                    "isLinked": true
                },
                "margin_mobile": {
                    "unit": "px",
                    "top": "",
                    "right": 0,
                    "bottom": "",
                    "left": 0,
                    "isLinked": true
                },
                "padding_tablet": {
                    "unit": "%",
                    "top": "",
                    "right": "",
                    "bottom": "",
                    "left": "",
                    "isLinked": true
                },
                "padding_mobile": {
                    "unit": "%",
                    "top": "",
                    "right": "",
                    "bottom": "",
                    "left": "",
                    "isLinked": true
                },
                "overlay_blend_mode": "color",
                "gap": "wide",
                "height": "min-height",
                "custom_height": {
                    "unit": "px",
                    "size": 650,
                    "sizes": []
                },
                "custom_height_tablet": {
                    "unit": "px",
                    "size": 300,
                    "sizes": []
                },
                "custom_height_mobile": {
                    "unit": "px",
                    "size": 150,
                    "sizes": []
                }
            },
            "elements": [
                {
                    "id": "7da28d31",
                    "settings": {
                        "_column_size": "100",
                        "margin_tablet": {
                            "unit": "%",
                            "top": "",
                            "right": "",
                            "bottom": "",
                            "left": "",
                            "isLinked": true
                        },
                        "padding": {
                            "unit": "%",
                            "top": "",
                            "right": "",
                            "bottom": "",
                            "left": "",
                            "isLinked": true
                        }
                    },
                    "elements": [
                        {
                            "id": "316fc528",
                            "settings": {
                                "title": "MEET OUR COMPETITORS",
                                "align": "center",
                                "title_color": "#FFFFFF",
                                "ha_advanced_tooltip_content": "I am a tooltip",
                                "header_size": "h1"
                            },
                            "elements": [],
                            "isInner": false,
                            "widgetType": "heading",
                            "elType": "widget"
                        }
                    ],
                    "isInner": "",
                    "elType": "column"
                }
            ],
            "isInner": "",
            "elType": "section"
        },
        {
            "id": "2e1668a",
            "settings": {
                "structure": "20",
                "background_background": "classic",
                "background_overlay_background": "classic",
                "background_overlay_color_b": "",
                "margin": {
                    "unit": "%",
                    "top": "",
                    "right": 0,
                    "bottom": "",
                    "left": 0,
                    "isLinked": "1"
                },
                "padding_tablet": {
                    "unit": "em",
                    "top": "",
                    "right": "",
                    "bottom": "",
                    "left": "",
                    "isLinked": true
                },
                "content_position": "middle",
                "gap": "wide",
                "padding": {
                    "unit": "em",
                    "top": "5",
                    "right": "0",
                    "bottom": "5",
                    "left": "0",
                    "isLinked": false
                }
            },
            "elements": [
                {
                    "id": "565eabb6",
                    "settings": {
                        "_column_size": 50,
                        "_inline_size": null,
                        "_inline_size_tablet": 100
                    },
                    "elements": [
                        {
                            "id": "3743606",
                            "settings": {
                                "image": {
                                    "url": "http:\/\/nexmax.pandastock.net\/wp-content\/uploads\/2021\/10\/01.jpg",
                                    "id": 1364,
                                    "alt": "",
                                    "source": "library"
                                },
                                "image_size": "full",
                                "ha_advanced_tooltip_content": "I am a tooltip"
                            },
                            "elements": [],
                            "isInner": false,
                            "widgetType": "image",
                            "elType": "widget"
                        },
                        {
                            "id": "75150ed3",
                            "settings": {
                                "text": "DETAIL NOW",
                                "align_tablet": "justify",
                                "selected_icon": {
                                    "value": "hm hm-arrow-right",
                                    "library": "happy-icons"
                                },
                                "icon_indent": {
                                    "unit": "px",
                                    "size": 10,
                                    "sizes": []
                                },
                                "align_mobile": "justify",
                                "ha_advanced_tooltip_content": "I am a tooltip",
                                "align": "justify",
                                "icon_align": "right"
                            },
                            "elements": [],
                            "isInner": false,
                            "widgetType": "button",
                            "elType": "widget"
                        }
                    ],
                    "isInner": false,
                    "elType": "column"
                },
                {
                    "id": "2f355529",
                    "settings": {
                        "_column_size": 50,
                        "_inline_size": null,
                        "padding": {
                            "unit": "%",
                            "top": "",
                            "right": "",
                            "bottom": "",
                            "left": "",
                            "isLinked": true
                        },
                        "_inline_size_tablet": 100,
                        "padding_tablet": {
                            "unit": "%",
                            "top": "",
                            "right": "",
                            "bottom": "",
                            "left": "",
                            "isLinked": true
                        },
                        "margin": {
                            "unit": "px",
                            "top": "0",
                            "right": "0",
                            "bottom": "0",
                            "left": "30",
                            "isLinked": false
                        },
                        "margin_tablet": {
                            "unit": "px",
                            "top": "30",
                            "right": "0",
                            "bottom": "0",
                            "left": "0",
                            "isLinked": false
                        },
                        "margin_mobile": {
                            "unit": "px",
                            "top": "0",
                            "right": "0",
                            "bottom": "0",
                            "left": "0",
                            "isLinked": false
                        }
                    },
                    "elements": [
                        {
                            "id": "2c7c645d",
                            "settings": {
                                "title": "Dota 2 International Cup Competition",
                                "ha_advanced_tooltip_content": "I am a tooltip",
                                "align_tablet": "center"
                            },
                            "elements": [],
                            "isInner": false,
                            "widgetType": "heading",
                            "elType": "widget"
                        },
                        {
                            "id": "17bf1d56",
                            "settings": {
                                "editor": "<p>A descriptive paragraph that tells clients lorem ipsum dolor mediocritatem maiestatis tempor appareat epicurei voluptatibus usuanomittam how good you are and proves that you are the best choice that they\u2019ve made. This paragraph is also for those who are looking out for a reliable service<\/p>",
                                "text_color": "#FFFFFF",
                                "ha_advanced_tooltip_content": "I am a tooltip",
                                "align_tablet": "center"
                            },
                            "elements": [],
                            "isInner": false,
                            "widgetType": "text-editor",
                            "elType": "widget"
                        },
                        {
                            "id": "1e9f7002",
                            "settings": {
                                "structure": "30",
                                "background_background": "classic",
                                "margin": {
                                    "unit": "px",
                                    "top": "",
                                    "right": 0,
                                    "bottom": "",
                                    "left": 0,
                                    "isLinked": true
                                },
                                "padding": {
                                    "unit": "%",
                                    "top": "",
                                    "right": "",
                                    "bottom": "",
                                    "left": "",
                                    "isLinked": true
                                },
                                "animation_duration": "fast",
                                "content_position": "middle",
                                "layout": "full_width"
                            },
                            "elements": [
                                {
                                    "id": "bb59d20",
                                    "settings": {
                                        "_column_size": 33,
                                        "_inline_size": null,
                                        "background_background": "classic",
                                        "padding": {
                                            "unit": "px",
                                            "top": "30",
                                            "right": "20",
                                            "bottom": "30",
                                            "left": "20",
                                            "isLinked": false
                                        },
                                        "background_hover_background": "classic",
                                        "background_hover_color": "#000000",
                                        "_inline_size_mobile": 50,
                                        "border_border": "solid",
                                        "border_width": {
                                            "unit": "px",
                                            "top": "1",
                                            "right": "0",
                                            "bottom": "1",
                                            "left": "1",
                                            "isLinked": false
                                        },
                                        "border_color": "#84848426"
                                    },
                                    "elements": [
                                        {
                                            "id": "32718506",
                                            "settings": {
                                                "icon_list": [
                                                    {
                                                        "text": "DURATION",
                                                        "selected_icon": {
                                                            "value": "far fa-clock",
                                                            "library": "fa-regular"
                                                        },
                                                        "_id": "961b199"
                                                    }
                                                ],
                                                "icon_align": "center",
                                                "icon_color": "#F3DE2C",
                                                "icon_size": {
                                                    "unit": "px",
                                                    "size": 13,
                                                    "sizes": []
                                                },
                                                "text_color": "#FFFFFF",
                                                "text_indent": {
                                                    "unit": "px",
                                                    "size": 5,
                                                    "sizes": []
                                                },
                                                "__globals__": {
                                                    "icon_typography_typography": "globals\/typography?id=7b62dd5"
                                                },
                                                "ha_advanced_tooltip_content": "I am a tooltip"
                                            },
                                            "elements": [],
                                            "isInner": false,
                                            "widgetType": "icon-list",
                                            "elType": "widget"
                                        },
                                        {
                                            "id": "1f4edda7",
                                            "settings": {
                                                "title": "20 - 25 Dec",
                                                "header_size": "h5",
                                                "align": "center",
                                                "ha_advanced_tooltip_content": "I am a tooltip"
                                            },
                                            "elements": [],
                                            "isInner": false,
                                            "widgetType": "heading",
                                            "elType": "widget"
                                        }
                                    ],
                                    "isInner": "1",
                                    "elType": "column"
                                },
                                {
                                    "id": "2828798",
                                    "settings": {
                                        "_column_size": 33,
                                        "_inline_size": null,
                                        "background_background": "classic",
                                        "padding": {
                                            "unit": "px",
                                            "top": "30",
                                            "right": "20",
                                            "bottom": "30",
                                            "left": "20",
                                            "isLinked": false
                                        },
                                        "border_border": "solid",
                                        "border_width": {
                                            "unit": "px",
                                            "top": "1",
                                            "right": "1",
                                            "bottom": "1",
                                            "left": "1",
                                            "isLinked": true
                                        },
                                        "border_color": "#84848426",
                                        "background_hover_background": "classic",
                                        "background_hover_color": "#000000",
                                        "border_width_mobile": {
                                            "unit": "px",
                                            "top": "1",
                                            "right": "1",
                                            "bottom": "1",
                                            "left": "1",
                                            "isLinked": true
                                        },
                                        "_inline_size_mobile": 50
                                    },
                                    "elements": [
                                        {
                                            "id": "3a369ba",
                                            "settings": {
                                                "icon_list": [
                                                    {
                                                        "text": "PRIZEPOOL",
                                                        "selected_icon": {
                                                            "value": "fas fa-coins",
                                                            "library": "fa-solid"
                                                        },
                                                        "_id": "961b199"
                                                    }
                                                ],
                                                "icon_align": "center",
                                                "icon_color": "#F3DE2C",
                                                "icon_size": {
                                                    "unit": "px",
                                                    "size": 13,
                                                    "sizes": []
                                                },
                                                "text_color": "#FFFFFF",
                                                "text_indent": {
                                                    "unit": "px",
                                                    "size": 10,
                                                    "sizes": []
                                                },
                                                "__globals__": {
                                                    "icon_typography_typography": "globals\/typography?id=7b62dd5"
                                                },
                                                "ha_advanced_tooltip_content": "I am a tooltip"
                                            },
                                            "elements": [],
                                            "isInner": false,
                                            "widgetType": "icon-list",
                                            "elType": "widget"
                                        },
                                        {
                                            "id": "5f00c511",
                                            "settings": {
                                                "title": "$100,000",
                                                "header_size": "h5",
                                                "align": "center",
                                                "title_color": "#FFFFFF",
                                                "ha_advanced_tooltip_content": "I am a tooltip"
                                            },
                                            "elements": [],
                                            "isInner": false,
                                            "widgetType": "heading",
                                            "elType": "widget"
                                        }
                                    ],
                                    "isInner": true,
                                    "elType": "column"
                                },
                                {
                                    "id": "54bf9853",
                                    "settings": {
                                        "_column_size": 33,
                                        "_inline_size": null,
                                        "background_background": "classic",
                                        "padding": {
                                            "unit": "px",
                                            "top": "30",
                                            "right": "20",
                                            "bottom": "30",
                                            "left": "20",
                                            "isLinked": false
                                        },
                                        "background_hover_background": "classic",
                                        "background_hover_color": "#000000",
                                        "border_border": "solid",
                                        "border_width": {
                                            "unit": "px",
                                            "top": "1",
                                            "right": "1",
                                            "bottom": "1",
                                            "left": "0",
                                            "isLinked": false
                                        },
                                        "border_width_mobile": {
                                            "unit": "px",
                                            "top": "0",
                                            "right": "1",
                                            "bottom": "1",
                                            "left": "1",
                                            "isLinked": false
                                        },
                                        "border_color": "#84848426"
                                    },
                                    "elements": [
                                        {
                                            "id": "5e291bb2",
                                            "settings": {
                                                "icon_list": [
                                                    {
                                                        "text": "MATCHES",
                                                        "selected_icon": {
                                                            "value": "fas fa-gamepad",
                                                            "library": "fa-solid"
                                                        },
                                                        "_id": "961b199"
                                                    }
                                                ],
                                                "icon_align": "center",
                                                "icon_color": "#F3DE2C",
                                                "icon_size": {
                                                    "unit": "px",
                                                    "size": 13,
                                                    "sizes": []
                                                },
                                                "text_color": "#FFFFFF",
                                                "text_indent": {
                                                    "unit": "px",
                                                    "size": 10,
                                                    "sizes": []
                                                },
                                                "__globals__": {
                                                    "icon_typography_typography": "globals\/typography?id=7b62dd5"
                                                },
                                                "ha_advanced_tooltip_content": "I am a tooltip"
                                            },
                                            "elements": [],
                                            "isInner": false,
                                            "widgetType": "icon-list",
                                            "elType": "widget"
                                        },
                                        {
                                            "id": "545f10c2",
                                            "settings": {
                                                "title": "MAX 16 PLAYED",
                                                "header_size": "h5",
                                                "align": "center",
                                                "title_color": "#FFFFFF",
                                                "ha_advanced_tooltip_content": "I am a tooltip"
                                            },
                                            "elements": [],
                                            "isInner": false,
                                            "widgetType": "heading",
                                            "elType": "widget"
                                        }
                                    ],
                                    "isInner": true,
                                    "elType": "column"
                                }
                            ],
                            "isInner": "1",
                            "elType": "section"
                        }
                    ],
                    "isInner": "",
                    "elType": "column"
                }
            ],
            "isInner": "",
            "elType": "section"
        },
        {
            "id": "66907352",
            "settings": {
                "structure": "20",
                "background_background": "classic",
                "background_overlay_background": "classic",
                "background_overlay_color_b": "",
                "margin": {
                    "unit": "%",
                    "top": "",
                    "right": 0,
                    "bottom": "",
                    "left": 0,
                    "isLinked": "1"
                },
                "padding_tablet": {
                    "unit": "em",
                    "top": "",
                    "right": "",
                    "bottom": "",
                    "left": "",
                    "isLinked": true
                },
                "content_position": "middle",
                "gap": "wide",
                "padding": {
                    "unit": "em",
                    "top": "5",
                    "right": "0",
                    "bottom": "5",
                    "left": "0",
                    "isLinked": false
                },
                "reverse_order_tablet": "reverse-tablet",
                "reverse_order_mobile": "reverse-mobile",
                "background_color": "#020009"
            },
            "elements": [
                {
                    "id": "627e0550",
                    "settings": {
                        "_column_size": 50,
                        "_inline_size": null,
                        "padding": {
                            "unit": "%",
                            "top": "",
                            "right": "",
                            "bottom": "",
                            "left": "",
                            "isLinked": true
                        },
                        "_inline_size_tablet": 100,
                        "padding_tablet": {
                            "unit": "%",
                            "top": "",
                            "right": "",
                            "bottom": "",
                            "left": "",
                            "isLinked": true
                        },
                        "margin": {
                            "unit": "px",
                            "top": "0",
                            "right": "30",
                            "bottom": "0",
                            "left": "0",
                            "isLinked": false
                        },
                        "margin_tablet": {
                            "unit": "px",
                            "top": "30",
                            "right": "0",
                            "bottom": "0",
                            "left": "0",
                            "isLinked": false
                        },
                        "margin_mobile": {
                            "unit": "px",
                            "top": "0",
                            "right": "0",
                            "bottom": "0",
                            "left": "0",
                            "isLinked": false
                        }
                    },
                    "elements": [
                        {
                            "id": "2103ec25",
                            "settings": {
                                "title": "Mobile Legend International Cup Competition",
                                "ha_advanced_tooltip_content": "I am a tooltip",
                                "align_tablet": "center"
                            },
                            "elements": [],
                            "isInner": false,
                            "widgetType": "heading",
                            "elType": "widget"
                        },
                        {
                            "id": "9b842f2",
                            "settings": {
                                "editor": "<p>A descriptive paragraph that tells clients lorem ipsum dolor mediocritatem maiestatis tempor appareat epicurei voluptatibus usuanomittam how good you are and proves that you are the best choice that they\u2019ve made. This paragraph is also for those who are looking out for a reliable service<\/p>",
                                "text_color": "#FFFFFF",
                                "ha_advanced_tooltip_content": "I am a tooltip",
                                "align_tablet": "center"
                            },
                            "elements": [],
                            "isInner": false,
                            "widgetType": "text-editor",
                            "elType": "widget"
                        },
                        {
                            "id": "b828b6a",
                            "settings": {
                                "structure": "30",
                                "background_background": "classic",
                                "margin": {
                                    "unit": "px",
                                    "top": "",
                                    "right": 0,
                                    "bottom": "",
                                    "left": 0,
                                    "isLinked": true
                                },
                                "padding": {
                                    "unit": "%",
                                    "top": "",
                                    "right": "",
                                    "bottom": "",
                                    "left": "",
                                    "isLinked": true
                                },
                                "animation_duration": "fast",
                                "content_position": "middle",
                                "layout": "full_width"
                            },
                            "elements": [
                                {
                                    "id": "487a08ae",
                                    "settings": {
                                        "_column_size": 33,
                                        "_inline_size": null,
                                        "background_background": "classic",
                                        "padding": {
                                            "unit": "px",
                                            "top": "30",
                                            "right": "20",
                                            "bottom": "30",
                                            "left": "20",
                                            "isLinked": false
                                        },
                                        "background_hover_background": "classic",
                                        "background_hover_color": "#000000",
                                        "_inline_size_mobile": 50,
                                        "border_border": "solid",
                                        "border_width": {
                                            "unit": "px",
                                            "top": "1",
                                            "right": "0",
                                            "bottom": "1",
                                            "left": "1",
                                            "isLinked": false
                                        },
                                        "border_color": "#84848426"
                                    },
                                    "elements": [
                                        {
                                            "id": "518ed21d",
                                            "settings": {
                                                "icon_list": [
                                                    {
                                                        "text": "DURATION",
                                                        "selected_icon": {
                                                            "value": "far fa-clock",
                                                            "library": "fa-regular"
                                                        },
                                                        "_id": "961b199"
                                                    }
                                                ],
                                                "icon_align": "center",
                                                "icon_color": "#F3DE2C",
                                                "icon_size": {
                                                    "unit": "px",
                                                    "size": 13,
                                                    "sizes": []
                                                },
                                                "text_color": "#FFFFFF",
                                                "text_indent": {
                                                    "unit": "px",
                                                    "size": 5,
                                                    "sizes": []
                                                },
                                                "__globals__": {
                                                    "icon_typography_typography": "globals\/typography?id=7b62dd5"
                                                },
                                                "ha_advanced_tooltip_content": "I am a tooltip"
                                            },
                                            "elements": [],
                                            "isInner": false,
                                            "widgetType": "icon-list",
                                            "elType": "widget"
                                        },
                                        {
                                            "id": "3af98ed9",
                                            "settings": {
                                                "title": "20 - 25 Dec",
                                                "header_size": "h5",
                                                "align": "center",
                                                "ha_advanced_tooltip_content": "I am a tooltip"
                                            },
                                            "elements": [],
                                            "isInner": false,
                                            "widgetType": "heading",
                                            "elType": "widget"
                                        }
                                    ],
                                    "isInner": "1",
                                    "elType": "column"
                                },
                                {
                                    "id": "7cfc8a06",
                                    "settings": {
                                        "_column_size": 33,
                                        "_inline_size": null,
                                        "background_background": "classic",
                                        "padding": {
                                            "unit": "px",
                                            "top": "30",
                                            "right": "20",
                                            "bottom": "30",
                                            "left": "20",
                                            "isLinked": false
                                        },
                                        "border_border": "solid",
                                        "border_width": {
                                            "unit": "px",
                                            "top": "1",
                                            "right": "1",
                                            "bottom": "1",
                                            "left": "1",
                                            "isLinked": true
                                        },
                                        "border_color": "#84848426",
                                        "background_hover_background": "classic",
                                        "background_hover_color": "#000000",
                                        "border_width_mobile": {
                                            "unit": "px",
                                            "top": "1",
                                            "right": "1",
                                            "bottom": "1",
                                            "left": "1",
                                            "isLinked": true
                                        },
                                        "_inline_size_mobile": 50
                                    },
                                    "elements": [
                                        {
                                            "id": "63e94e95",
                                            "settings": {
                                                "icon_list": [
                                                    {
                                                        "text": "PRIZEPOOL",
                                                        "selected_icon": {
                                                            "value": "fas fa-coins",
                                                            "library": "fa-solid"
                                                        },
                                                        "_id": "961b199"
                                                    }
                                                ],
                                                "icon_align": "center",
                                                "icon_color": "#F3DE2C",
                                                "icon_size": {
                                                    "unit": "px",
                                                    "size": 13,
                                                    "sizes": []
                                                },
                                                "text_color": "#FFFFFF",
                                                "text_indent": {
                                                    "unit": "px",
                                                    "size": 10,
                                                    "sizes": []
                                                },
                                                "__globals__": {
                                                    "icon_typography_typography": "globals\/typography?id=7b62dd5"
                                                },
                                                "ha_advanced_tooltip_content": "I am a tooltip"
                                            },
                                            "elements": [],
                                            "isInner": false,
                                            "widgetType": "icon-list",
                                            "elType": "widget"
                                        },
                                        {
                                            "id": "34b6012b",
                                            "settings": {
                                                "title": "$100,000",
                                                "header_size": "h5",
                                                "align": "center",
                                                "title_color": "#FFFFFF",
                                                "ha_advanced_tooltip_content": "I am a tooltip"
                                            },
                                            "elements": [],
                                            "isInner": false,
                                            "widgetType": "heading",
                                            "elType": "widget"
                                        }
                                    ],
                                    "isInner": true,
                                    "elType": "column"
                                },
                                {
                                    "id": "2edfc711",
                                    "settings": {
                                        "_column_size": 33,
                                        "_inline_size": null,
                                        "background_background": "classic",
                                        "padding": {
                                            "unit": "px",
                                            "top": "30",
                                            "right": "20",
                                            "bottom": "30",
                                            "left": "20",
                                            "isLinked": false
                                        },
                                        "background_hover_background": "classic",
                                        "background_hover_color": "#000000",
                                        "border_border": "solid",
                                        "border_width": {
                                            "unit": "px",
                                            "top": "1",
                                            "right": "1",
                                            "bottom": "1",
                                            "left": "0",
                                            "isLinked": false
                                        },
                                        "border_width_mobile": {
                                            "unit": "px",
                                            "top": "0",
                                            "right": "1",
                                            "bottom": "1",
                                            "left": "1",
                                            "isLinked": false
                                        },
                                        "border_color": "#84848426"
                                    },
                                    "elements": [
                                        {
                                            "id": "65fa3d0",
                                            "settings": {
                                                "icon_list": [
                                                    {
                                                        "text": "MATCHES",
                                                        "selected_icon": {
                                                            "value": "fas fa-gamepad",
                                                            "library": "fa-solid"
                                                        },
                                                        "_id": "961b199"
                                                    }
                                                ],
                                                "icon_align": "center",
                                                "icon_color": "#F3DE2C",
                                                "icon_size": {
                                                    "unit": "px",
                                                    "size": 13,
                                                    "sizes": []
                                                },
                                                "text_color": "#FFFFFF",
                                                "text_indent": {
                                                    "unit": "px",
                                                    "size": 10,
                                                    "sizes": []
                                                },
                                                "__globals__": {
                                                    "icon_typography_typography": "globals\/typography?id=7b62dd5"
                                                },
                                                "ha_advanced_tooltip_content": "I am a tooltip"
                                            },
                                            "elements": [],
                                            "isInner": false,
                                            "widgetType": "icon-list",
                                            "elType": "widget"
                                        },
                                        {
                                            "id": "c4dff7d",
                                            "settings": {
                                                "title": "MAX 16 PLAYED",
                                                "header_size": "h5",
                                                "align": "center",
                                                "title_color": "#FFFFFF",
                                                "ha_advanced_tooltip_content": "I am a tooltip"
                                            },
                                            "elements": [],
                                            "isInner": false,
                                            "widgetType": "heading",
                                            "elType": "widget"
                                        }
                                    ],
                                    "isInner": true,
                                    "elType": "column"
                                }
                            ],
                            "isInner": "1",
                            "elType": "section"
                        }
                    ],
                    "isInner": false,
                    "elType": "column"
                },
                {
                    "id": "6132e0a2",
                    "settings": {
                        "_column_size": 50,
                        "_inline_size": null,
                        "_inline_size_tablet": 100
                    },
                    "elements": [
                        {
                            "id": "71d36d91",
                            "settings": {
                                "image": {
                                    "url": "http:\/\/nexmax.pandastock.net\/wp-content\/uploads\/2021\/10\/02.jpg",
                                    "id": 1362,
                                    "alt": "",
                                    "source": "library"
                                },
                                "image_size": "full",
                                "ha_advanced_tooltip_content": "I am a tooltip"
                            },
                            "elements": [],
                            "isInner": false,
                            "widgetType": "image",
                            "elType": "widget"
                        },
                        {
                            "id": "1267254a",
                            "settings": {
                                "text": "DETAIL NOW",
                                "align_tablet": "justify",
                                "selected_icon": {
                                    "value": "hm hm-arrow-right",
                                    "library": "happy-icons"
                                },
                                "icon_indent": {
                                    "unit": "px",
                                    "size": 10,
                                    "sizes": []
                                },
                                "align_mobile": "justify",
                                "ha_advanced_tooltip_content": "I am a tooltip",
                                "align": "justify",
                                "icon_align": "right"
                            },
                            "elements": [],
                            "isInner": false,
                            "widgetType": "button",
                            "elType": "widget"
                        }
                    ],
                    "isInner": false,
                    "elType": "column"
                }
            ],
            "isInner": "",
            "elType": "section"
        }
    ],
    "page_settings": {
        "hide_title": "yes",
        "ha_grid_number": "",
        "ha_grid_zindex": "1000",
        "template": "elementor_header_footer"
    }
}