{
    "version": "0.4",
    "title": "Our Game",
    "type": "page",
    "metadata": {
        "template_type": "single-page",
        "include_in_zip": "1",
        "elementor_pro_required": null,
        "wp_page_template": "elementor_header_footer"
    },
    "content": [
        {
            "id": "44b694b8",
            "settings": {
                "background_background": "classic",
                "background_image": {
                    "id": 1322,
                    "url": "http:\/\/nexmax.pandastock.net\/wp-content\/uploads\/2021\/10\/team-of-four-professional-cybersport-gamers-wearing-headphones.jpg",
                    "alt": "Team of four professional cybersport gamers wearing headphones",
                    "source": "library"
                },
                "background_position": "center center",
                "background_repeat": "no-repeat",
                "background_size": "cover",
                "background_overlay_background": "classic",
                "background_overlay_color": "#020009",
                "background_overlay_opacity": {
                    "unit": "px",
                    "size": 0.84999999999999997779553950749686919152736663818359375,
                    "sizes": []
                },
                "padding": {
                    "unit": "em",
                    "top": "",
                    "right": "",
                    "bottom": "",
                    "left": "",
                    "isLinked": true
                },
                "padding_tablet": {
                    "unit": "em",
                    "top": "",
                    "right": "",
                    "bottom": "",
                    "left": "",
                    "isLinked": true
                },
                "content_width": {
                    "unit": "px",
                    "size": 1000,
                    "sizes": []
                },
                "background_position_tablet": "center center",
                "gap": "wide",
                "height": "min-height",
                "custom_height": {
                    "unit": "vh",
                    "size": 50,
                    "sizes": []
                },
                "custom_height_tablet": {
                    "unit": "vh",
                    "size": "",
                    "sizes": []
                },
                "custom_height_mobile": {
                    "unit": "vh",
                    "size": 40,
                    "sizes": []
                },
                "content_position": "middle",
                "background_repeat_tablet": "no-repeat",
                "background_size_tablet": "cover"
            },
            "elements": [
                {
                    "id": "44d8c229",
                    "settings": {
                        "_column_size": 100,
                        "_inline_size": null
                    },
                    "elements": [
                        {
                            "id": "3b92680a",
                            "settings": {
                                "title": "Nexmax - Our Game",
                                "header_size": "h1",
                                "align": "center",
                                "__globals__": {
                                    "typography_typography": ""
                                },
                                "ha_advanced_tooltip_content": "I am a tooltip",
                                "title_color": "#FFFFFF"
                            },
                            "elements": [],
                            "isInner": false,
                            "widgetType": "heading",
                            "elType": "widget"
                        }
                    ],
                    "isInner": false,
                    "elType": "column"
                }
            ],
            "isInner": false,
            "elType": "section"
        },
        {
            "id": "d43f01f",
            "settings": {
                "padding": {
                    "unit": "em",
                    "top": "4",
                    "right": "0",
                    "bottom": "4",
                    "left": "0",
                    "isLinked": false
                },
                "layout": "full_width",
                "gap": "no"
            },
            "elements": [
                {
                    "id": "3cfd1e4d",
                    "settings": {
                        "_column_size": 100,
                        "_inline_size": null
                    },
                    "elements": [
                        {
                            "id": "2957a8ed",
                            "settings": {
                                "title": "RELEASED NEW GAME",
                                "align": "center",
                                "ha_advanced_tooltip_content": "I am a tooltip",
                                "_margin": {
                                    "unit": "em",
                                    "top": "0",
                                    "right": "0",
                                    "bottom": "2",
                                    "left": "0",
                                    "isLinked": false
                                }
                            },
                            "elements": [],
                            "isInner": false,
                            "widgetType": "heading",
                            "elType": "widget"
                        },
                        {
                            "id": "77c26172",
                            "settings": {
                                "slides": [
                                    {
                                        "image": {
                                            "url": "http:\/\/nexmax.pandastock.net\/wp-content\/uploads\/2021\/10\/JPG.jpg",
                                            "id": 1475,
                                            "alt": "",
                                            "source": "library"
                                        },
                                        "_id": "c132e5c",
                                        "title": "Silent Dark Strike",
                                        "subtitle": "Strike"
                                    },
                                    {
                                        "image": {
                                            "url": "http:\/\/nexmax.pandastock.net\/wp-content\/uploads\/2021\/10\/Cover.jpg",
                                            "id": 1474,
                                            "alt": "",
                                            "source": "library"
                                        },
                                        "title": "Madon Footbal",
                                        "subtitle": "Strategy",
                                        "_id": "0772dc3"
                                    },
                                    {
                                        "image": {
                                            "url": "http:\/\/nexmax.pandastock.net\/wp-content\/uploads\/2021\/10\/Paladin.jpg",
                                            "id": 46,
                                            "alt": "",
                                            "source": "library"
                                        },
                                        "title": "Paladin Evil",
                                        "subtitle": "Strategy",
                                        "_id": "d97f40d"
                                    },
                                    {
                                        "image": {
                                            "url": "http:\/\/nexmax.pandastock.net\/wp-content\/uploads\/2021\/10\/mockup.jpg",
                                            "id": 1576,
                                            "alt": "",
                                            "source": "library"
                                        },
                                        "title": "Pandalevi",
                                        "subtitle": "RPG",
                                        "_id": "33c067d"
                                    }
                                ],
                                "thumbnail_size": "full",
                                "title_tag": "h5",
                                "center": "yes",
                                "slides_to_show": "2",
                                "arrow_prev_icon": {
                                    "value": "jki jki-left-arrow-12",
                                    "library": "jkiticon"
                                },
                                "arrow_next_icon": {
                                    "value": "jki jki-right-arrow-12",
                                    "library": "jkiticon"
                                },
                                "arrow_border_radius": {
                                    "unit": "px",
                                    "top": "2",
                                    "right": "2",
                                    "bottom": "2",
                                    "left": "2",
                                    "isLinked": true
                                },
                                "arrow_color": "#000000",
                                "ha_advanced_tooltip_content": "I am a tooltip",
                                "slides_to_show_tablet": "2",
                                "slides_to_show_mobile": "1",
                                "item_spacing": {
                                    "unit": "px",
                                    "size": 10,
                                    "sizes": []
                                },
                                "item_spacing_tablet": {
                                    "unit": "px",
                                    "size": 5,
                                    "sizes": []
                                },
                                "arrow_size_tablet": {
                                    "unit": "px",
                                    "size": 10,
                                    "sizes": []
                                },
                                "arrow_size_mobile": {
                                    "unit": "px",
                                    "size": 8,
                                    "sizes": []
                                }
                            },
                            "elements": [],
                            "isInner": false,
                            "widgetType": "ha-carousel",
                            "elType": "widget"
                        }
                    ],
                    "isInner": false,
                    "elType": "column"
                }
            ],
            "isInner": false,
            "elType": "section"
        },
        {
            "id": "24fad7e7",
            "settings": {
                "gap": "wide"
            },
            "elements": [
                {
                    "id": "7d6dc4bf",
                    "settings": {
                        "_column_size": 100,
                        "_inline_size": null,
                        "border_border": "solid",
                        "border_width": {
                            "unit": "px",
                            "top": "1",
                            "right": "1",
                            "bottom": "1",
                            "left": "1",
                            "isLinked": true
                        },
                        "border_color": "#84848426",
                        "padding": {
                            "unit": "px",
                            "top": "30",
                            "right": "30",
                            "bottom": "30",
                            "left": "30",
                            "isLinked": true
                        }
                    },
                    "elements": [
                        {
                            "id": "b57376d",
                            "settings": {
                                "structure": "40"
                            },
                            "elements": [
                                {
                                    "id": "19cdd5ca",
                                    "settings": {
                                        "_column_size": 25,
                                        "_inline_size": null,
                                        "_inline_size_mobile": 50
                                    },
                                    "elements": [
                                        {
                                            "id": "4f4c6c90",
                                            "settings": {
                                                "ending_number": 4609,
                                                "thousand_separator_char": ".",
                                                "title": "",
                                                "number_color": "#FFFFFF",
                                                "ha_advanced_tooltip_content": "I am a tooltip",
                                                "__globals__": {
                                                    "typography_number_typography": "globals\/typography?id=7e2aaa0"
                                                }
                                            },
                                            "elements": [],
                                            "isInner": false,
                                            "widgetType": "counter",
                                            "elType": "widget"
                                        },
                                        {
                                            "id": "30c6aace",
                                            "settings": {
                                                "title": "TWITCH STREAMS",
                                                "header_size": "h6",
                                                "align": "center",
                                                "ha_advanced_tooltip_content": "I am a tooltip"
                                            },
                                            "elements": [],
                                            "isInner": false,
                                            "widgetType": "heading",
                                            "elType": "widget"
                                        }
                                    ],
                                    "isInner": true,
                                    "elType": "column"
                                },
                                {
                                    "id": "306120ab",
                                    "settings": {
                                        "_column_size": 25,
                                        "_inline_size": null,
                                        "_inline_size_mobile": 50
                                    },
                                    "elements": [
                                        {
                                            "id": "4f7ae33c",
                                            "settings": {
                                                "ending_number": 224,
                                                "thousand_separator_char": ".",
                                                "title": "",
                                                "number_color": "#FFFFFF",
                                                "ha_advanced_tooltip_content": "I am a tooltip",
                                                "__globals__": {
                                                    "typography_number_typography": "globals\/typography?id=7e2aaa0"
                                                }
                                            },
                                            "elements": [],
                                            "isInner": false,
                                            "widgetType": "counter",
                                            "elType": "widget"
                                        },
                                        {
                                            "id": "63cbc455",
                                            "settings": {
                                                "title": "TOTAL GAMES",
                                                "header_size": "h6",
                                                "align": "center",
                                                "ha_advanced_tooltip_content": "I am a tooltip"
                                            },
                                            "elements": [],
                                            "isInner": false,
                                            "widgetType": "heading",
                                            "elType": "widget"
                                        }
                                    ],
                                    "isInner": true,
                                    "elType": "column"
                                },
                                {
                                    "id": "1aa81fe1",
                                    "settings": {
                                        "_column_size": 25,
                                        "_inline_size": null,
                                        "_inline_size_mobile": 50
                                    },
                                    "elements": [
                                        {
                                            "id": "7518824",
                                            "settings": {
                                                "ending_number": 6688,
                                                "thousand_separator_char": ".",
                                                "title": "",
                                                "number_color": "#FFFFFF",
                                                "ha_advanced_tooltip_content": "I am a tooltip",
                                                "__globals__": {
                                                    "typography_number_typography": "globals\/typography?id=7e2aaa0"
                                                }
                                            },
                                            "elements": [],
                                            "isInner": false,
                                            "widgetType": "counter",
                                            "elType": "widget"
                                        },
                                        {
                                            "id": "3bce0a",
                                            "settings": {
                                                "title": "YOUTUBE STREAMS",
                                                "header_size": "h6",
                                                "align": "center",
                                                "ha_advanced_tooltip_content": "I am a tooltip"
                                            },
                                            "elements": [],
                                            "isInner": false,
                                            "widgetType": "heading",
                                            "elType": "widget"
                                        }
                                    ],
                                    "isInner": true,
                                    "elType": "column"
                                },
                                {
                                    "id": "23f5b84e",
                                    "settings": {
                                        "_column_size": 25,
                                        "_inline_size": null,
                                        "_inline_size_mobile": 50
                                    },
                                    "elements": [
                                        {
                                            "id": "2ff7f916",
                                            "settings": {
                                                "ending_number": 45,
                                                "thousand_separator_char": ".",
                                                "title": "",
                                                "number_color": "#FFFFFF",
                                                "ha_advanced_tooltip_content": "I am a tooltip",
                                                "__globals__": {
                                                    "typography_number_typography": "globals\/typography?id=7e2aaa0"
                                                }
                                            },
                                            "elements": [],
                                            "isInner": false,
                                            "widgetType": "counter",
                                            "elType": "widget"
                                        },
                                        {
                                            "id": "320c2c1e",
                                            "settings": {
                                                "title": "PRO TEAM",
                                                "header_size": "h6",
                                                "align": "center",
                                                "ha_advanced_tooltip_content": "I am a tooltip"
                                            },
                                            "elements": [],
                                            "isInner": false,
                                            "widgetType": "heading",
                                            "elType": "widget"
                                        }
                                    ],
                                    "isInner": true,
                                    "elType": "column"
                                }
                            ],
                            "isInner": true,
                            "elType": "section"
                        }
                    ],
                    "isInner": false,
                    "elType": "column"
                }
            ],
            "isInner": false,
            "elType": "section"
        },
        {
            "id": "514a95cd",
            "settings": {
                "background_background": "classic",
                "background_color_b": "",
                "background_gradient_type": "radial",
                "padding": {
                    "unit": "em",
                    "top": "2",
                    "right": "0",
                    "bottom": "4",
                    "left": "0",
                    "isLinked": false
                },
                "padding_tablet": {
                    "unit": "em",
                    "top": "",
                    "right": "",
                    "bottom": "",
                    "left": "",
                    "isLinked": true
                },
                "padding_mobile": {
                    "unit": "em",
                    "top": "",
                    "right": "",
                    "bottom": "",
                    "left": "",
                    "isLinked": true
                },
                "background_motion_fx_mouseTrack_effect": "yes",
                "background_motion_fx_mouseTrack_direction": "negative",
                "background_motion_fx_mouseTrack_speed": {
                    "unit": "px",
                    "size": "5.9",
                    "sizes": []
                },
                "de_sticky_section_sticky_background_image": {
                    "url": "",
                    "id": ""
                },
                "de_sticky_section_sticky_background_image_tablet": {
                    "url": "",
                    "id": ""
                },
                "de_sticky_section_sticky_background_image_mobile": {
                    "url": "",
                    "id": ""
                },
                "de_sticky_section_sticky_background_video_fallback": {
                    "url": "",
                    "id": ""
                },
                "de_sticky_section_sticky_background_slideshow_gallery": [],
                "gap": "extended"
            },
            "elements": [
                {
                    "id": "2ea37a1e",
                    "settings": {
                        "_column_size": "100",
                        "space_between_widgets": "10"
                    },
                    "elements": [
                        {
                            "id": "583a5ea6",
                            "settings": {
                                "title": "GAMING LATEST",
                                "title_color": "#000000",
                                "ha_advanced_tooltip_content": "I am a tooltip",
                                "align_mobile": "center",
                                "align": "center",
                                "_padding": {
                                    "unit": "px",
                                    "top": "20",
                                    "right": "20",
                                    "bottom": "20",
                                    "left": "20",
                                    "isLinked": true
                                },
                                "_background_background": "classic",
                                "_background_color": "#F3DE2C"
                            },
                            "elements": [],
                            "isInner": false,
                            "widgetType": "heading",
                            "elType": "widget"
                        },
                        {
                            "id": "51555a22",
                            "settings": {
                                "structure": "20",
                                "margin": {
                                    "unit": "px",
                                    "top": "",
                                    "right": 0,
                                    "bottom": "",
                                    "left": 0,
                                    "isLinked": true
                                },
                                "de_sticky_section_sticky_background_image": {
                                    "url": "",
                                    "id": ""
                                },
                                "de_sticky_section_sticky_background_image_tablet": {
                                    "url": "",
                                    "id": ""
                                },
                                "de_sticky_section_sticky_background_image_mobile": {
                                    "url": "",
                                    "id": ""
                                },
                                "de_sticky_section_sticky_background_video_fallback": {
                                    "url": "",
                                    "id": ""
                                },
                                "de_sticky_section_sticky_background_slideshow_gallery": [],
                                "margin_mobile": {
                                    "unit": "px",
                                    "top": "0",
                                    "right": 0,
                                    "bottom": "5",
                                    "left": 0,
                                    "isLinked": false
                                }
                            },
                            "elements": [
                                {
                                    "id": "4d747a58",
                                    "settings": {
                                        "_column_size": 50,
                                        "background_background": "classic",
                                        "background_image": {
                                            "id": 46,
                                            "url": "http:\/\/nexmax.pandastock.net\/wp-content\/uploads\/2021\/10\/Paladin.jpg",
                                            "alt": "",
                                            "source": "library"
                                        },
                                        "background_position": "center center",
                                        "background_repeat": "no-repeat",
                                        "background_size": "cover",
                                        "background_overlay_hover_background": "classic",
                                        "background_overlay_hover_color": "#000000",
                                        "margin": {
                                            "unit": "px",
                                            "top": "5",
                                            "right": "5",
                                            "bottom": "5",
                                            "left": "5",
                                            "isLinked": true
                                        },
                                        "padding": {
                                            "unit": "px",
                                            "top": "30",
                                            "right": "30",
                                            "bottom": "30",
                                            "left": "30",
                                            "isLinked": "1"
                                        },
                                        "border_width": {
                                            "unit": "px",
                                            "top": "1",
                                            "right": "1",
                                            "bottom": "1",
                                            "left": "1",
                                            "isLinked": "1"
                                        },
                                        "border_color": "#4A4A4A",
                                        "margin_mobile": {
                                            "unit": "px",
                                            "top": "5",
                                            "right": "5",
                                            "bottom": "5",
                                            "left": "5",
                                            "isLinked": true
                                        },
                                        "_inline_size": null
                                    },
                                    "elements": [
                                        {
                                            "id": "2dd8c943",
                                            "settings": {
                                                "space": {
                                                    "unit": "px",
                                                    "size": 200,
                                                    "sizes": []
                                                },
                                                "space_mobile": {
                                                    "unit": "px",
                                                    "size": 85,
                                                    "sizes": []
                                                },
                                                "ha_advanced_tooltip_content": "I am a tooltip"
                                            },
                                            "elements": [],
                                            "isInner": false,
                                            "widgetType": "spacer",
                                            "elType": "widget"
                                        },
                                        {
                                            "id": "11ffe4d8",
                                            "settings": {
                                                "title": "RPG",
                                                "header_size": "h6",
                                                "align": "left",
                                                "align_mobile": "center",
                                                "title_color": "#000000",
                                                "_margin": {
                                                    "unit": "px",
                                                    "top": "0",
                                                    "right": "10",
                                                    "bottom": "0",
                                                    "left": "0",
                                                    "isLinked": false
                                                },
                                                "_padding": {
                                                    "unit": "px",
                                                    "top": "5",
                                                    "right": "10",
                                                    "bottom": "3",
                                                    "left": "10",
                                                    "isLinked": false
                                                },
                                                "_background_background": "classic",
                                                "_background_color": "#FFFFFF",
                                                "_element_width": "auto",
                                                "ha_advanced_tooltip_content": "I am a tooltip"
                                            },
                                            "elements": [],
                                            "isInner": false,
                                            "widgetType": "heading",
                                            "elType": "widget"
                                        },
                                        {
                                            "id": "2a7adaf1",
                                            "settings": {
                                                "title": "strategy",
                                                "header_size": "h6",
                                                "align": "left",
                                                "align_mobile": "center",
                                                "title_color": "#000000",
                                                "_padding": {
                                                    "unit": "px",
                                                    "top": "5",
                                                    "right": "15",
                                                    "bottom": "3",
                                                    "left": "15",
                                                    "isLinked": false
                                                },
                                                "_background_background": "classic",
                                                "_background_color": "#FFFFFF",
                                                "_element_width": "auto",
                                                "ha_advanced_tooltip_content": "I am a tooltip"
                                            },
                                            "elements": [],
                                            "isInner": false,
                                            "widgetType": "heading",
                                            "elType": "widget"
                                        },
                                        {
                                            "id": "599e0b1a",
                                            "settings": {
                                                "title": "Robocom Flura",
                                                "header_size": "h3",
                                                "_margin": {
                                                    "unit": "px",
                                                    "top": "15",
                                                    "right": "0",
                                                    "bottom": "0",
                                                    "left": "0",
                                                    "isLinked": false
                                                },
                                                "ha_advanced_tooltip_content": "I am a tooltip"
                                            },
                                            "elements": [],
                                            "isInner": false,
                                            "widgetType": "heading",
                                            "elType": "widget"
                                        },
                                        {
                                            "id": "424e3f59",
                                            "settings": {
                                                "text": "Download Game",
                                                "selected_icon": {
                                                    "value": "jki jki-right-arrow-light",
                                                    "library": "jkiticon"
                                                },
                                                "icon_align": "right",
                                                "icon_indent": {
                                                    "unit": "px",
                                                    "size": 15,
                                                    "sizes": []
                                                },
                                                "button_text_color": "#F3DE2C",
                                                "background_color": "#02010100",
                                                "text_padding": {
                                                    "unit": "px",
                                                    "top": "0",
                                                    "right": "0",
                                                    "bottom": "0",
                                                    "left": "0",
                                                    "isLinked": false
                                                },
                                                "ha_advanced_tooltip_content": "I am a tooltip"
                                            },
                                            "elements": [],
                                            "isInner": false,
                                            "widgetType": "button",
                                            "elType": "widget"
                                        }
                                    ],
                                    "isInner": "1",
                                    "elType": "column"
                                },
                                {
                                    "id": "2bb147e",
                                    "settings": {
                                        "_column_size": 50,
                                        "background_background": "classic",
                                        "background_image": {
                                            "id": 1475,
                                            "url": "http:\/\/nexmax.pandastock.net\/wp-content\/uploads\/2021\/10\/JPG.jpg",
                                            "alt": "",
                                            "source": "library"
                                        },
                                        "background_position": "center center",
                                        "background_repeat": "no-repeat",
                                        "background_size": "cover",
                                        "background_overlay_hover_background": "classic",
                                        "background_overlay_hover_color": "#000000",
                                        "margin": {
                                            "unit": "px",
                                            "top": "5",
                                            "right": "5",
                                            "bottom": "5",
                                            "left": "5",
                                            "isLinked": true
                                        },
                                        "padding": {
                                            "unit": "px",
                                            "top": "30",
                                            "right": "30",
                                            "bottom": "30",
                                            "left": "30",
                                            "isLinked": "1"
                                        },
                                        "border_width": {
                                            "unit": "px",
                                            "top": "1",
                                            "right": "1",
                                            "bottom": "1",
                                            "left": "1",
                                            "isLinked": "1"
                                        },
                                        "border_color": "#4A4A4A",
                                        "margin_mobile": {
                                            "unit": "px",
                                            "top": "5",
                                            "right": "5",
                                            "bottom": "5",
                                            "left": "5",
                                            "isLinked": true
                                        },
                                        "_inline_size": null
                                    },
                                    "elements": [
                                        {
                                            "id": "3fbf35f4",
                                            "settings": {
                                                "space": {
                                                    "unit": "px",
                                                    "size": 200,
                                                    "sizes": []
                                                },
                                                "space_mobile": {
                                                    "unit": "px",
                                                    "size": 85,
                                                    "sizes": []
                                                },
                                                "ha_advanced_tooltip_content": "I am a tooltip"
                                            },
                                            "elements": [],
                                            "isInner": false,
                                            "widgetType": "spacer",
                                            "elType": "widget"
                                        },
                                        {
                                            "id": "75d34f87",
                                            "settings": {
                                                "title": "RPG",
                                                "header_size": "h6",
                                                "align": "left",
                                                "align_mobile": "center",
                                                "title_color": "#000000",
                                                "_margin": {
                                                    "unit": "px",
                                                    "top": "0",
                                                    "right": "10",
                                                    "bottom": "0",
                                                    "left": "0",
                                                    "isLinked": false
                                                },
                                                "_padding": {
                                                    "unit": "px",
                                                    "top": "5",
                                                    "right": "10",
                                                    "bottom": "3",
                                                    "left": "10",
                                                    "isLinked": false
                                                },
                                                "_background_background": "classic",
                                                "_background_color": "#FFFFFF",
                                                "_element_width": "auto",
                                                "ha_advanced_tooltip_content": "I am a tooltip"
                                            },
                                            "elements": [],
                                            "isInner": false,
                                            "widgetType": "heading",
                                            "elType": "widget"
                                        },
                                        {
                                            "id": "24b0b7a",
                                            "settings": {
                                                "title": "strategy",
                                                "header_size": "h6",
                                                "align": "left",
                                                "align_mobile": "center",
                                                "title_color": "#000000",
                                                "_padding": {
                                                    "unit": "px",
                                                    "top": "5",
                                                    "right": "15",
                                                    "bottom": "3",
                                                    "left": "15",
                                                    "isLinked": false
                                                },
                                                "_background_background": "classic",
                                                "_background_color": "#FFFFFF",
                                                "_element_width": "auto",
                                                "ha_advanced_tooltip_content": "I am a tooltip"
                                            },
                                            "elements": [],
                                            "isInner": false,
                                            "widgetType": "heading",
                                            "elType": "widget"
                                        },
                                        {
                                            "id": "2470cf2f",
                                            "settings": {
                                                "title": "Dinos Klam",
                                                "header_size": "h3",
                                                "_margin": {
                                                    "unit": "px",
                                                    "top": "15",
                                                    "right": "0",
                                                    "bottom": "0",
                                                    "left": "0",
                                                    "isLinked": false
                                                },
                                                "ha_advanced_tooltip_content": "I am a tooltip"
                                            },
                                            "elements": [],
                                            "isInner": false,
                                            "widgetType": "heading",
                                            "elType": "widget"
                                        },
                                        {
                                            "id": "61101dcb",
                                            "settings": {
                                                "text": "Download Game",
                                                "selected_icon": {
                                                    "value": "jki jki-right-arrow-light",
                                                    "library": "jkiticon"
                                                },
                                                "icon_align": "right",
                                                "icon_indent": {
                                                    "unit": "px",
                                                    "size": 15,
                                                    "sizes": []
                                                },
                                                "button_text_color": "#F3DE2C",
                                                "background_color": "#02010100",
                                                "text_padding": {
                                                    "unit": "px",
                                                    "top": "0",
                                                    "right": "0",
                                                    "bottom": "0",
                                                    "left": "0",
                                                    "isLinked": false
                                                },
                                                "ha_advanced_tooltip_content": "I am a tooltip"
                                            },
                                            "elements": [],
                                            "isInner": false,
                                            "widgetType": "button",
                                            "elType": "widget"
                                        }
                                    ],
                                    "isInner": true,
                                    "elType": "column"
                                }
                            ],
                            "isInner": "1",
                            "elType": "section"
                        },
                        {
                            "id": "14f2f567",
                            "settings": {
                                "structure": "20",
                                "margin": {
                                    "unit": "px",
                                    "top": "",
                                    "right": 0,
                                    "bottom": "",
                                    "left": 0,
                                    "isLinked": true
                                },
                                "de_sticky_section_sticky_background_image": {
                                    "url": "",
                                    "id": ""
                                },
                                "de_sticky_section_sticky_background_image_tablet": {
                                    "url": "",
                                    "id": ""
                                },
                                "de_sticky_section_sticky_background_image_mobile": {
                                    "url": "",
                                    "id": ""
                                },
                                "de_sticky_section_sticky_background_video_fallback": {
                                    "url": "",
                                    "id": ""
                                },
                                "de_sticky_section_sticky_background_slideshow_gallery": [],
                                "margin_mobile": {
                                    "unit": "px",
                                    "top": "5",
                                    "right": 0,
                                    "bottom": "0",
                                    "left": 0,
                                    "isLinked": false
                                }
                            },
                            "elements": [
                                {
                                    "id": "751e6078",
                                    "settings": {
                                        "_column_size": 50,
                                        "background_background": "classic",
                                        "background_image": {
                                            "id": 1474,
                                            "url": "http:\/\/nexmax.pandastock.net\/wp-content\/uploads\/2021\/10\/Cover.jpg",
                                            "alt": "",
                                            "source": "library"
                                        },
                                        "background_position": "center center",
                                        "background_repeat": "no-repeat",
                                        "background_size": "cover",
                                        "background_overlay_hover_background": "classic",
                                        "background_overlay_hover_color": "#000000",
                                        "margin": {
                                            "unit": "px",
                                            "top": "5",
                                            "right": "5",
                                            "bottom": "5",
                                            "left": "5",
                                            "isLinked": true
                                        },
                                        "padding": {
                                            "unit": "px",
                                            "top": "30",
                                            "right": "30",
                                            "bottom": "30",
                                            "left": "30",
                                            "isLinked": "1"
                                        },
                                        "border_width": {
                                            "unit": "px",
                                            "top": "1",
                                            "right": "1",
                                            "bottom": "1",
                                            "left": "1",
                                            "isLinked": "1"
                                        },
                                        "border_color": "#4A4A4A",
                                        "margin_mobile": {
                                            "unit": "px",
                                            "top": "5",
                                            "right": "5",
                                            "bottom": "5",
                                            "left": "5",
                                            "isLinked": true
                                        },
                                        "_inline_size": null
                                    },
                                    "elements": [
                                        {
                                            "id": "10b5bd0e",
                                            "settings": {
                                                "space": {
                                                    "unit": "px",
                                                    "size": 200,
                                                    "sizes": []
                                                },
                                                "space_mobile": {
                                                    "unit": "px",
                                                    "size": 85,
                                                    "sizes": []
                                                },
                                                "ha_advanced_tooltip_content": "I am a tooltip"
                                            },
                                            "elements": [],
                                            "isInner": false,
                                            "widgetType": "spacer",
                                            "elType": "widget"
                                        },
                                        {
                                            "id": "2d924744",
                                            "settings": {
                                                "title": "RPG",
                                                "header_size": "h6",
                                                "align": "left",
                                                "align_mobile": "center",
                                                "title_color": "#000000",
                                                "_margin": {
                                                    "unit": "px",
                                                    "top": "0",
                                                    "right": "10",
                                                    "bottom": "0",
                                                    "left": "0",
                                                    "isLinked": false
                                                },
                                                "_padding": {
                                                    "unit": "px",
                                                    "top": "5",
                                                    "right": "10",
                                                    "bottom": "3",
                                                    "left": "10",
                                                    "isLinked": false
                                                },
                                                "_background_background": "classic",
                                                "_background_color": "#FFFFFF",
                                                "_element_width": "auto",
                                                "ha_advanced_tooltip_content": "I am a tooltip"
                                            },
                                            "elements": [],
                                            "isInner": false,
                                            "widgetType": "heading",
                                            "elType": "widget"
                                        },
                                        {
                                            "id": "41eb8fab",
                                            "settings": {
                                                "title": "Action",
                                                "header_size": "h6",
                                                "align": "left",
                                                "align_mobile": "center",
                                                "title_color": "#000000",
                                                "_padding": {
                                                    "unit": "px",
                                                    "top": "5",
                                                    "right": "15",
                                                    "bottom": "3",
                                                    "left": "15",
                                                    "isLinked": false
                                                },
                                                "_background_background": "classic",
                                                "_background_color": "#FFFFFF",
                                                "_element_width": "auto",
                                                "ha_advanced_tooltip_content": "I am a tooltip"
                                            },
                                            "elements": [],
                                            "isInner": false,
                                            "widgetType": "heading",
                                            "elType": "widget"
                                        },
                                        {
                                            "id": "e6b59fb",
                                            "settings": {
                                                "title": "Gundam Noah",
                                                "header_size": "h3",
                                                "_margin": {
                                                    "unit": "px",
                                                    "top": "15",
                                                    "right": "0",
                                                    "bottom": "0",
                                                    "left": "0",
                                                    "isLinked": false
                                                },
                                                "ha_advanced_tooltip_content": "I am a tooltip"
                                            },
                                            "elements": [],
                                            "isInner": false,
                                            "widgetType": "heading",
                                            "elType": "widget"
                                        },
                                        {
                                            "id": "7f62bd2a",
                                            "settings": {
                                                "text": "Download Game",
                                                "selected_icon": {
                                                    "value": "jki jki-right-arrow-light",
                                                    "library": "jkiticon"
                                                },
                                                "icon_align": "right",
                                                "icon_indent": {
                                                    "unit": "px",
                                                    "size": 15,
                                                    "sizes": []
                                                },
                                                "button_text_color": "#F3DE2C",
                                                "background_color": "#02010100",
                                                "text_padding": {
                                                    "unit": "px",
                                                    "top": "0",
                                                    "right": "0",
                                                    "bottom": "0",
                                                    "left": "0",
                                                    "isLinked": false
                                                },
                                                "ha_advanced_tooltip_content": "I am a tooltip"
                                            },
                                            "elements": [],
                                            "isInner": false,
                                            "widgetType": "button",
                                            "elType": "widget"
                                        }
                                    ],
                                    "isInner": "1",
                                    "elType": "column"
                                },
                                {
                                    "id": "6819bc83",
                                    "settings": {
                                        "_column_size": 50,
                                        "background_background": "classic",
                                        "background_image": {
                                            "id": 1576,
                                            "url": "http:\/\/nexmax.pandastock.net\/wp-content\/uploads\/2021\/10\/mockup.jpg",
                                            "alt": "",
                                            "source": "library"
                                        },
                                        "background_position": "center center",
                                        "background_repeat": "no-repeat",
                                        "background_size": "cover",
                                        "background_overlay_hover_background": "classic",
                                        "background_overlay_hover_color": "#000000",
                                        "margin": {
                                            "unit": "px",
                                            "top": "5",
                                            "right": "5",
                                            "bottom": "5",
                                            "left": "5",
                                            "isLinked": true
                                        },
                                        "padding": {
                                            "unit": "px",
                                            "top": "30",
                                            "right": "30",
                                            "bottom": "30",
                                            "left": "30",
                                            "isLinked": "1"
                                        },
                                        "border_width": {
                                            "unit": "px",
                                            "top": "1",
                                            "right": "1",
                                            "bottom": "1",
                                            "left": "1",
                                            "isLinked": "1"
                                        },
                                        "border_color": "#4A4A4A",
                                        "margin_mobile": {
                                            "unit": "px",
                                            "top": "5",
                                            "right": "5",
                                            "bottom": "5",
                                            "left": "5",
                                            "isLinked": true
                                        },
                                        "_inline_size": null
                                    },
                                    "elements": [
                                        {
                                            "id": "63405668",
                                            "settings": {
                                                "space": {
                                                    "unit": "px",
                                                    "size": 200,
                                                    "sizes": []
                                                },
                                                "space_mobile": {
                                                    "unit": "px",
                                                    "size": 85,
                                                    "sizes": []
                                                },
                                                "ha_advanced_tooltip_content": "I am a tooltip"
                                            },
                                            "elements": [],
                                            "isInner": false,
                                            "widgetType": "spacer",
                                            "elType": "widget"
                                        },
                                        {
                                            "id": "e5f103b",
                                            "settings": {
                                                "title": "RPG",
                                                "header_size": "h6",
                                                "align": "left",
                                                "align_mobile": "center",
                                                "title_color": "#000000",
                                                "_margin": {
                                                    "unit": "px",
                                                    "top": "0",
                                                    "right": "10",
                                                    "bottom": "0",
                                                    "left": "0",
                                                    "isLinked": false
                                                },
                                                "_padding": {
                                                    "unit": "px",
                                                    "top": "5",
                                                    "right": "10",
                                                    "bottom": "3",
                                                    "left": "10",
                                                    "isLinked": false
                                                },
                                                "_background_background": "classic",
                                                "_background_color": "#FFFFFF",
                                                "_element_width": "auto",
                                                "ha_advanced_tooltip_content": "I am a tooltip"
                                            },
                                            "elements": [],
                                            "isInner": false,
                                            "widgetType": "heading",
                                            "elType": "widget"
                                        },
                                        {
                                            "id": "70ecaadb",
                                            "settings": {
                                                "title": "Action",
                                                "header_size": "h6",
                                                "align": "left",
                                                "align_mobile": "center",
                                                "title_color": "#000000",
                                                "_padding": {
                                                    "unit": "px",
                                                    "top": "5",
                                                    "right": "15",
                                                    "bottom": "3",
                                                    "left": "15",
                                                    "isLinked": false
                                                },
                                                "_background_background": "classic",
                                                "_background_color": "#FFFFFF",
                                                "_element_width": "auto",
                                                "ha_advanced_tooltip_content": "I am a tooltip"
                                            },
                                            "elements": [],
                                            "isInner": false,
                                            "widgetType": "heading",
                                            "elType": "widget"
                                        },
                                        {
                                            "id": "7af39c51",
                                            "settings": {
                                                "title": "Nagayo Paladin",
                                                "header_size": "h3",
                                                "_margin": {
                                                    "unit": "px",
                                                    "top": "15",
                                                    "right": "0",
                                                    "bottom": "0",
                                                    "left": "0",
                                                    "isLinked": false
                                                },
                                                "ha_advanced_tooltip_content": "I am a tooltip"
                                            },
                                            "elements": [],
                                            "isInner": false,
                                            "widgetType": "heading",
                                            "elType": "widget"
                                        },
                                        {
                                            "id": "31e1f093",
                                            "settings": {
                                                "text": "Download Game",
                                                "selected_icon": {
                                                    "value": "jki jki-right-arrow-light",
                                                    "library": "jkiticon"
                                                },
                                                "icon_align": "right",
                                                "icon_indent": {
                                                    "unit": "px",
                                                    "size": 15,
                                                    "sizes": []
                                                },
                                                "button_text_color": "#F3DE2C",
                                                "background_color": "#02010100",
                                                "text_padding": {
                                                    "unit": "px",
                                                    "top": "0",
                                                    "right": "0",
                                                    "bottom": "0",
                                                    "left": "0",
                                                    "isLinked": false
                                                },
                                                "ha_advanced_tooltip_content": "I am a tooltip"
                                            },
                                            "elements": [],
                                            "isInner": false,
                                            "widgetType": "button",
                                            "elType": "widget"
                                        }
                                    ],
                                    "isInner": true,
                                    "elType": "column"
                                }
                            ],
                            "isInner": "1",
                            "elType": "section"
                        }
                    ],
                    "isInner": "",
                    "elType": "column"
                }
            ],
            "isInner": "",
            "elType": "section"
        },
        {
            "id": "471b2d41",
            "settings": {
                "content_width": {
                    "unit": "px",
                    "size": 800,
                    "sizes": []
                },
                "height": "min-height",
                "custom_height_tablet": {
                    "unit": "px",
                    "size": 400,
                    "sizes": []
                },
                "background_background": "classic",
                "background_image": {
                    "id": 1329,
                    "url": "http:\/\/nexmax.pandastock.net\/wp-content\/uploads\/2021\/10\/two-gamers-in-dark-room.jpg",
                    "alt": "Two gamers in dark room",
                    "source": "library"
                },
                "background_position": "center center",
                "background_repeat": "no-repeat",
                "background_size": "cover",
                "background_overlay_background": "classic",
                "background_overlay_color": "#020009",
                "background_overlay_opacity": {
                    "unit": "px",
                    "size": 0.84999999999999997779553950749686919152736663818359375,
                    "sizes": []
                },
                "css_filters_brightness": {
                    "unit": "px",
                    "size": 0,
                    "sizes": []
                },
                "css_filters_hue": {
                    "unit": "px",
                    "size": 100,
                    "sizes": []
                },
                "gap": "wide",
                "background_color_b": "",
                "background_gradient_angle": {
                    "unit": "deg",
                    "size": 90,
                    "sizes": []
                }
            },
            "elements": [
                {
                    "id": "21ae5d44",
                    "settings": {
                        "_column_size": 100,
                        "_inline_size": null
                    },
                    "elements": [
                        {
                            "id": "20acccd2",
                            "settings": {
                                "title": "Connect with us for gaming update",
                                "header_size": "h4",
                                "align": "center",
                                "ha_advanced_tooltip_content": "I am a tooltip"
                            },
                            "elements": [],
                            "isInner": false,
                            "widgetType": "heading",
                            "elType": "widget"
                        },
                        {
                            "id": "394bf895",
                            "settings": {
                                "text": "Contact Us",
                                "align": "center",
                                "ha_advanced_tooltip_content": "I am a tooltip"
                            },
                            "elements": [],
                            "isInner": false,
                            "widgetType": "button",
                            "elType": "widget"
                        }
                    ],
                    "isInner": false,
                    "elType": "column"
                }
            ],
            "isInner": false,
            "elType": "section"
        }
    ],
    "page_settings": {
        "hide_title": "yes",
        "ha_grid_number": "",
        "ha_grid_zindex": "1000",
        "template": "elementor_header_footer"
    }
}