{
    "version": "0.4",
    "title": "Tab &#8211; Single Game",
    "type": "section",
    "metadata": {
        "template_type": "section-other",
        "include_in_zip": "1",
        "elementor_pro_required": null,
        "wp_page_template": "elementor_canvas"
    },
    "content": [
        {
            "id": "61ab820b",
            "settings": [],
            "elements": [
                {
                    "id": "622694d1",
                    "settings": {
                        "_column_size": 100,
                        "_inline_size": null
                    },
                    "elements": [
                        {
                            "id": "45cd6f47",
                            "settings": {
                                "content_position": "middle",
                                "structure": "20",
                                "border_border": "solid",
                                "border_width": {
                                    "unit": "px",
                                    "top": "0",
                                    "right": "0",
                                    "bottom": "1",
                                    "left": "0",
                                    "isLinked": false
                                },
                                "border_color": "#8383832B",
                                "margin": {
                                    "unit": "em",
                                    "top": "",
                                    "right": 0,
                                    "bottom": "",
                                    "left": 0,
                                    "isLinked": true
                                },
                                "padding": {
                                    "unit": "px",
                                    "top": "10",
                                    "right": "0",
                                    "bottom": "10",
                                    "left": "0",
                                    "isLinked": false
                                }
                            },
                            "elements": [
                                {
                                    "id": "56c3e78a",
                                    "settings": {
                                        "_column_size": 50,
                                        "_inline_size": 15,
                                        "_inline_size_mobile": 40
                                    },
                                    "elements": [
                                        {
                                            "id": "170da99c",
                                            "settings": {
                                                "title": "Category",
                                                "header_size": "h6",
                                                "ha_advanced_tooltip_content": "I am a tooltip"
                                            },
                                            "elements": [],
                                            "isInner": false,
                                            "widgetType": "heading",
                                            "elType": "widget"
                                        }
                                    ],
                                    "isInner": true,
                                    "elType": "column"
                                },
                                {
                                    "id": "5c770d29",
                                    "settings": {
                                        "_column_size": 50,
                                        "_inline_size": 85,
                                        "_inline_size_mobile": 60
                                    },
                                    "elements": [
                                        {
                                            "id": "6c15f8df",
                                            "settings": {
                                                "title": "Vertical Shooter",
                                                "header_size": "h6",
                                                "title_color": "#959595",
                                                "ha_advanced_tooltip_content": "I am a tooltip"
                                            },
                                            "elements": [],
                                            "isInner": false,
                                            "widgetType": "heading",
                                            "elType": "widget"
                                        }
                                    ],
                                    "isInner": true,
                                    "elType": "column"
                                }
                            ],
                            "isInner": true,
                            "elType": "section"
                        },
                        {
                            "id": "27cdc73a",
                            "settings": {
                                "content_position": "middle",
                                "structure": "20",
                                "border_border": "solid",
                                "border_width": {
                                    "unit": "px",
                                    "top": "0",
                                    "right": "0",
                                    "bottom": "1",
                                    "left": "0",
                                    "isLinked": false
                                },
                                "border_color": "#8383832B",
                                "padding": {
                                    "unit": "px",
                                    "top": "10",
                                    "right": "0",
                                    "bottom": "10",
                                    "left": "0",
                                    "isLinked": false
                                }
                            },
                            "elements": [
                                {
                                    "id": "1730aeb4",
                                    "settings": {
                                        "_column_size": 50,
                                        "_inline_size": 15,
                                        "_inline_size_mobile": 40
                                    },
                                    "elements": [
                                        {
                                            "id": "47be2267",
                                            "settings": {
                                                "title": "Requirements",
                                                "header_size": "h6",
                                                "ha_advanced_tooltip_content": "I am a tooltip"
                                            },
                                            "elements": [],
                                            "isInner": false,
                                            "widgetType": "heading",
                                            "elType": "widget"
                                        }
                                    ],
                                    "isInner": true,
                                    "elType": "column"
                                },
                                {
                                    "id": "30457127",
                                    "settings": {
                                        "_column_size": 50,
                                        "_inline_size": 85,
                                        "_inline_size_mobile": 60
                                    },
                                    "elements": [
                                        {
                                            "id": "651cd87c",
                                            "settings": {
                                                "title": "PS4 , XBOX ONE , Steam",
                                                "header_size": "h6",
                                                "title_color": "#959595",
                                                "ha_advanced_tooltip_content": "I am a tooltip"
                                            },
                                            "elements": [],
                                            "isInner": false,
                                            "widgetType": "heading",
                                            "elType": "widget"
                                        }
                                    ],
                                    "isInner": true,
                                    "elType": "column"
                                }
                            ],
                            "isInner": true,
                            "elType": "section"
                        },
                        {
                            "id": "7d4b0a27",
                            "settings": {
                                "content_position": "middle",
                                "structure": "20",
                                "border_border": "solid",
                                "border_width": {
                                    "unit": "px",
                                    "top": "0",
                                    "right": "0",
                                    "bottom": "1",
                                    "left": "0",
                                    "isLinked": false
                                },
                                "border_color": "#8383832B",
                                "padding": {
                                    "unit": "px",
                                    "top": "10",
                                    "right": "0",
                                    "bottom": "10",
                                    "left": "0",
                                    "isLinked": false
                                }
                            },
                            "elements": [
                                {
                                    "id": "277fe2d",
                                    "settings": {
                                        "_column_size": 50,
                                        "_inline_size": 15,
                                        "_inline_size_mobile": 40
                                    },
                                    "elements": [
                                        {
                                            "id": "5039bf51",
                                            "settings": {
                                                "title": "Multi player",
                                                "header_size": "h6",
                                                "ha_advanced_tooltip_content": "I am a tooltip"
                                            },
                                            "elements": [],
                                            "isInner": false,
                                            "widgetType": "heading",
                                            "elType": "widget"
                                        }
                                    ],
                                    "isInner": true,
                                    "elType": "column"
                                },
                                {
                                    "id": "50471673",
                                    "settings": {
                                        "_column_size": 50,
                                        "_inline_size": 85,
                                        "_inline_size_mobile": 60
                                    },
                                    "elements": [
                                        {
                                            "id": "45f4e1fe",
                                            "settings": {
                                                "title": "Games Controller System",
                                                "header_size": "h6",
                                                "title_color": "#959595",
                                                "ha_advanced_tooltip_content": "I am a tooltip"
                                            },
                                            "elements": [],
                                            "isInner": false,
                                            "widgetType": "heading",
                                            "elType": "widget"
                                        }
                                    ],
                                    "isInner": true,
                                    "elType": "column"
                                }
                            ],
                            "isInner": true,
                            "elType": "section"
                        },
                        {
                            "id": "65aff7e4",
                            "settings": {
                                "content_position": "middle",
                                "structure": "20",
                                "border_border": "solid",
                                "border_width": {
                                    "unit": "px",
                                    "top": "0",
                                    "right": "0",
                                    "bottom": "1",
                                    "left": "0",
                                    "isLinked": false
                                },
                                "border_color": "#8383832B",
                                "padding": {
                                    "unit": "px",
                                    "top": "10",
                                    "right": "0",
                                    "bottom": "10",
                                    "left": "0",
                                    "isLinked": false
                                }
                            },
                            "elements": [
                                {
                                    "id": "1449b1ec",
                                    "settings": {
                                        "_column_size": 50,
                                        "_inline_size": 15,
                                        "_inline_size_mobile": 40
                                    },
                                    "elements": [
                                        {
                                            "id": "244af249",
                                            "settings": {
                                                "title": "Visual Effect",
                                                "header_size": "h6",
                                                "ha_advanced_tooltip_content": "I am a tooltip"
                                            },
                                            "elements": [],
                                            "isInner": false,
                                            "widgetType": "heading",
                                            "elType": "widget"
                                        }
                                    ],
                                    "isInner": true,
                                    "elType": "column"
                                },
                                {
                                    "id": "675763c8",
                                    "settings": {
                                        "_column_size": 50,
                                        "_inline_size": 85,
                                        "_inline_size_mobile": 60
                                    },
                                    "elements": [
                                        {
                                            "id": "1e9f7601",
                                            "settings": {
                                                "title": "Operating vero excepturi magnam System",
                                                "header_size": "h6",
                                                "title_color": "#959595",
                                                "ha_advanced_tooltip_content": "I am a tooltip"
                                            },
                                            "elements": [],
                                            "isInner": false,
                                            "widgetType": "heading",
                                            "elType": "widget"
                                        }
                                    ],
                                    "isInner": true,
                                    "elType": "column"
                                }
                            ],
                            "isInner": true,
                            "elType": "section"
                        },
                        {
                            "id": "7cb3a72",
                            "settings": {
                                "content_position": "middle",
                                "structure": "20",
                                "border_border": "solid",
                                "border_width": {
                                    "unit": "px",
                                    "top": "0",
                                    "right": "0",
                                    "bottom": "1",
                                    "left": "0",
                                    "isLinked": false
                                },
                                "border_color": "#8383832B",
                                "padding": {
                                    "unit": "px",
                                    "top": "10",
                                    "right": "0",
                                    "bottom": "10",
                                    "left": "0",
                                    "isLinked": false
                                }
                            },
                            "elements": [
                                {
                                    "id": "4c6f5f65",
                                    "settings": {
                                        "_column_size": 50,
                                        "_inline_size": 15,
                                        "_inline_size_mobile": 40
                                    },
                                    "elements": [
                                        {
                                            "id": "65db805a",
                                            "settings": {
                                                "title": "Author",
                                                "header_size": "h6",
                                                "ha_advanced_tooltip_content": "I am a tooltip"
                                            },
                                            "elements": [],
                                            "isInner": false,
                                            "widgetType": "heading",
                                            "elType": "widget"
                                        }
                                    ],
                                    "isInner": true,
                                    "elType": "column"
                                },
                                {
                                    "id": "2b92b188",
                                    "settings": {
                                        "_column_size": 50,
                                        "_inline_size": 85,
                                        "_inline_size_mobile": 60
                                    },
                                    "elements": [
                                        {
                                            "id": "ef44157",
                                            "settings": {
                                                "title": "Liaxu Morgan",
                                                "header_size": "h6",
                                                "title_color": "#959595",
                                                "ha_advanced_tooltip_content": "I am a tooltip"
                                            },
                                            "elements": [],
                                            "isInner": false,
                                            "widgetType": "heading",
                                            "elType": "widget"
                                        }
                                    ],
                                    "isInner": true,
                                    "elType": "column"
                                }
                            ],
                            "isInner": true,
                            "elType": "section"
                        },
                        {
                            "id": "763674e1",
                            "settings": {
                                "content_position": "middle",
                                "structure": "20",
                                "border_border": "solid",
                                "border_width": {
                                    "unit": "px",
                                    "top": "0",
                                    "right": "0",
                                    "bottom": "1",
                                    "left": "0",
                                    "isLinked": false
                                },
                                "border_color": "#8383832B",
                                "padding": {
                                    "unit": "px",
                                    "top": "10",
                                    "right": "0",
                                    "bottom": "10",
                                    "left": "0",
                                    "isLinked": false
                                }
                            },
                            "elements": [
                                {
                                    "id": "4a33c4f",
                                    "settings": {
                                        "_column_size": 50,
                                        "_inline_size": 15,
                                        "_inline_size_mobile": 40
                                    },
                                    "elements": [
                                        {
                                            "id": "42da2dfb",
                                            "settings": {
                                                "title": "Release",
                                                "header_size": "h6",
                                                "ha_advanced_tooltip_content": "I am a tooltip"
                                            },
                                            "elements": [],
                                            "isInner": false,
                                            "widgetType": "heading",
                                            "elType": "widget"
                                        }
                                    ],
                                    "isInner": true,
                                    "elType": "column"
                                },
                                {
                                    "id": "5757c5fb",
                                    "settings": {
                                        "_column_size": 50,
                                        "_inline_size": 85,
                                        "_inline_size_mobile": 60
                                    },
                                    "elements": [
                                        {
                                            "id": "1d61deeb",
                                            "settings": {
                                                "title": "14 August 2020",
                                                "header_size": "h6",
                                                "title_color": "#959595",
                                                "ha_advanced_tooltip_content": "I am a tooltip"
                                            },
                                            "elements": [],
                                            "isInner": false,
                                            "widgetType": "heading",
                                            "elType": "widget"
                                        }
                                    ],
                                    "isInner": true,
                                    "elType": "column"
                                }
                            ],
                            "isInner": true,
                            "elType": "section"
                        }
                    ],
                    "isInner": false,
                    "elType": "column"
                }
            ],
            "isInner": false,
            "elType": "section"
        }
    ],
    "page_settings": {
        "hide_title": "yes",
        "ha_grid_number": "",
        "ha_grid_zindex": "1000",
        "template": "elementor_canvas"
    }
}